﻿<?xml version="1.0" encoding="utf-8"?><property><overview><propertyID>70546</propertyID><email /><name>Bethany</name><streetAddress>544 Bethany</streetAddress><city>Allen</city><state>TX</state><zip>75002</zip><phone>9727477100</phone><fax>9727478184</fax><url>http://</url><officeHours>Mon-Fri 9-6 Sat 9-4 Sun 10-4</officeHours><area>Allen</area><metro>DFW</metro><county>Collin</county><yearBuilt>1984</yearBuilt><yearRenovated>0</yearRenovated><numUnits>32</numUnits><leaseTermMin>6</leaseTermMin><appFee>30</appFee><nonRefundableFee>0</nonRefundableFee><geocode>33.08639,-96.6692</geocode></overview><compensation><notes /><package><term>6</term><accompanied>50</accompanied><sent>50</sent><bonus>0</bonus></package></compensation><management><name>LJ Hendricks</name><onsiteManager>Annette Miraglia</onsiteManager></management><policy><incomeRestriction>False</incomeRestriction><section8>False</section8><studentHousing>False</studentHousing><seniorHousing>False</seniorHousing><corporateHousing>False</corporateHousing><creditCheck>True</creditCheck><coSigners>True</coSigners><acceptBrokenLeases>False</acceptBrokenLeases><acceptFelons>False</acceptFelons><acceptMisdemeanors>False</acceptMisdemeanors><firstTimeRenters>True</firstTimeRenters><registrationMethod>NOT_NEEDED</registrationMethod><seniorDiscount>False</seniorDiscount><allBillsPaid>False</allBillsPaid><electricPaid>False</electricPaid><gasPaid>False</gasPaid><cablePaid>False</cablePaid><trashPaid>False</trashPaid><pestControlpaid>False</pestControlpaid><specials /><paymentInDays>30</paymentInDays><sixMonthLeasePremium>0%</sixMonthLeasePremium><registrationMethod>NOT_NEEDED</registrationMethod></policy><unitoptions><bayWindows>False</bayWindows><berberCarpet>False</berberCarpet><ceilingFans>True</ceilingFans><ceramicTile>False</ceramicTile><dishwasher>True</dishwasher><bar>False</bar><furnished>False</furnished><woodFloor>False</woodFloor><gardenTubs>False</gardenTubs><laminateFloor>False</laminateFloor><alarmSystem>False</alarmSystem><microwave>False</microwave><outsideStorage>False</outsideStorage><pantry>True</pantry><patio>True</patio><walkinCloset>True</walkinCloset><stainedConcreteFloor>False</stainedConcreteFloor></unitoptions><amenities><emergencyMaint>True</emergencyMaint><accessGates>False</accessGates><basketball>False</basketball><golf>False</golf><tennis>False</tennis><swimmingPool>False</swimmingPool><racquetball>False</racquetball><volleyball>False</volleyball><joggingTrail>False</joggingTrail><picnicArea>False</picnicArea><billiardRoom>False</billiardRoom><businessCenter>False</businessCenter><cinemaRoom>False</cinemaRoom><clubhouse>False</clubhouse><conferenceRoom>False</conferenceRoom><elevators>False</elevators><fencedYards>False</fencedYards><fitnessCenter>False</fitnessCenter><handicapModified>False</handicapModified><hotTubSpaJacuzzi>False</hotTubSpaJacuzzi><laundryRooms>False</laundryRooms><perimeterFence>False</perimeterFence><playground>False</playground><schoolBusPickup>True</schoolBusPickup><shuttleRoute>False</shuttleRoute></amenities><photos><photo>http://www.smartlocating.com//photos/70546/standard/0_6BF0BB3B9756402580989EDE0E07238F.jpg</photo><photo>http://www.smartlocating.com//photos/70546/standard/10_3D37ECED0B9344A1981415C92CB0A07C.jpg</photo><photo>http://www.smartlocating.com//photos/70546/standard/11_58AEF4C7DDAA486987E492E9D161BA10.jpg</photo><photo>http://www.smartlocating.com//photos/70546/standard/1_7DBC7F2FCBD04F52B6FD962E4B441944.jpg</photo><photo>http://www.smartlocating.com//photos/70546/standard/2_40A5EC8A62B44FF1BEE3106575DB73C1.jpg</photo><photo>http://www.smartlocating.com//photos/70546/standard/3_12C0664A98844A3790519928A1D7E723.jpg</photo><photo>http://www.smartlocating.com//photos/70546/standard/4_1D363ACA7ABF4DC5BF72FAF14392351A.jpg</photo><photo>http://www.smartlocating.com//photos/70546/standard/5_72FA9220920B45969E4F343DE0C97741.jpg</photo><photo>http://www.smartlocating.com//photos/70546/standard/6_E3A5A355B7324A9B93A11BD6ED8CD972.jpg</photo><photo>http://www.smartlocating.com//photos/70546/standard/7_866AD9DDB6B048F8A673AD8D8FC4FD32.jpg</photo><photo>http://www.smartlocating.com//photos/70546/standard/8_126041D238FA4648AA0E611DDE1712E0.jpg</photo><photo>http://www.smartlocating.com//photos/70546/standard/9_DF59EE44141D4C94917143BD58AC300B.jpg</photo></photos><pet><allowed>True</allowed><depositMin>300.0000</depositMin><depositMax>300.0000</depositMax><feeMin>150.0000</feeMin><feeMax>300.0000</feeMax><extraRent>0.0000</extraRent><limit>2</limit><weight>20</weight><notes /><breedRestriction>False</breedRestriction><interview>False</interview></pet><floorplans lastUpdated="9/28/2008"><floorplan><floorplanID>178634</floorplanID><bed>1</bed><bath>1</bath><construct>Flat</construct><rent>570.0000</rent><deposit>200.0000</deposit><sqft>700</sqft><washerDryer>FULLSIZE_CONNECTIONS</washerDryer><garage>False</garage><fireplace>True</fireplace><denStudy>False</denStudy><sunroom>False</sunroom><available>8/12/2008 12:00:00 AM</available><photo /></floorplan><floorplan><floorplanID>178635</floorplanID><bed>2</bed><bath>2</bath><construct>Flat</construct><rent>670.0000</rent><deposit>200.0000</deposit><sqft>872</sqft><washerDryer>FULLSIZE_CONNECTIONS</washerDryer><garage>False</garage><fireplace>True</fireplace><denStudy>False</denStudy><sunroom>False</sunroom><available>8/12/2008 12:00:00 AM</available><photo /></floorplan></floorplans><parking><reserved>False</reserved><covered>False</covered><garage>False</garage><detached>False</detached></parking><school><district>Allen</district><elementary>Alton Boyd</elementary><middle>W E Pete Ford</middle><high>Allen</high></school><aptratings /></property>