﻿<?xml version="1.0" encoding="utf-8"?><property><overview><propertyID>71329</propertyID><email /><name>Cottonwood Creek</name><streetAddress>301 N Greenville Ave</streetAddress><city>Allen</city><state>TX</state><zip>75002</zip><phone>9727278412</phone><fax>9727278661</fax><url>http://</url><officeHours>Mon-Fri 9-5 Sat 10-2 Sun Closed</officeHours><area>Allen</area><metro>DFW</metro><county>Collin</county><yearBuilt>1985</yearBuilt><yearRenovated>0</yearRenovated><numUnits>212</numUnits><leaseTermMin>7</leaseTermMin><appFee>40</appFee><nonRefundableFee>0</nonRefundableFee><geocode>33.10372,-96.65974</geocode></overview><compensation><notes /><package><term>7</term><accompanied>50</accompanied><sent>50</sent><bonus>0</bonus></package></compensation><management><name>Texoma Apartment Management Co</name><onsiteManager>Debbie Tamplen</onsiteManager></management><policy><incomeRestriction>False</incomeRestriction><section8>True</section8><studentHousing>False</studentHousing><seniorHousing>False</seniorHousing><corporateHousing>False</corporateHousing><creditCheck>True</creditCheck><coSigners>True</coSigners><acceptBrokenLeases>False</acceptBrokenLeases><acceptFelons>False</acceptFelons><acceptMisdemeanors>False</acceptMisdemeanors><firstTimeRenters>True</firstTimeRenters><registrationMethod>FAX</registrationMethod><seniorDiscount>True</seniorDiscount><allBillsPaid>False</allBillsPaid><electricPaid>False</electricPaid><gasPaid>False</gasPaid><cablePaid>False</cablePaid><trashPaid>True</trashPaid><pestControlpaid>False</pestControlpaid><specials /><paymentInDays>45</paymentInDays><sixMonthLeasePremium>%</sixMonthLeasePremium><registrationMethod>FAX</registrationMethod></policy><unitoptions><bayWindows>False</bayWindows><berberCarpet>False</berberCarpet><ceilingFans>False</ceilingFans><ceramicTile>False</ceramicTile><dishwasher>True</dishwasher><bar>False</bar><furnished>False</furnished><woodFloor>False</woodFloor><gardenTubs>False</gardenTubs><laminateFloor>False</laminateFloor><alarmSystem>False</alarmSystem><microwave>False</microwave><outsideStorage>False</outsideStorage><pantry>True</pantry><patio>True</patio><walkinCloset>True</walkinCloset><stainedConcreteFloor>False</stainedConcreteFloor></unitoptions><amenities><emergencyMaint>True</emergencyMaint><accessGates>False</accessGates><basketball>False</basketball><golf>False</golf><tennis>False</tennis><swimmingPool>True</swimmingPool><racquetball>False</racquetball><volleyball>False</volleyball><joggingTrail>True</joggingTrail><picnicArea>False</picnicArea><billiardRoom>False</billiardRoom><businessCenter>False</businessCenter><cinemaRoom>False</cinemaRoom><clubhouse>True</clubhouse><conferenceRoom>False</conferenceRoom><elevators>False</elevators><fencedYards>False</fencedYards><fitnessCenter>False</fitnessCenter><handicapModified>False</handicapModified><hotTubSpaJacuzzi>False</hotTubSpaJacuzzi><laundryRooms>True</laundryRooms><perimeterFence>False</perimeterFence><playground>True</playground><schoolBusPickup>True</schoolBusPickup><shuttleRoute>False</shuttleRoute></amenities><photos><photo>http://www.smartlocating.com//photos/71329/standard/0_859A5849886A41A492043A9AFA82F301.jpg</photo><photo>http://www.smartlocating.com//photos/71329/standard/10_42CF6A88F13D41268E6F15276C30A85F.jpg</photo><photo>http://www.smartlocating.com//photos/71329/standard/1_6D33D3EA82CB436987468560F6BE820F.jpg</photo><photo>http://www.smartlocating.com//photos/71329/standard/3_27C84072913D4DE1B3BD40EE56D7844A.jpg</photo><photo>http://www.smartlocating.com//photos/71329/standard/5_C6567D1F163544E09928C894E8A56FAF.jpg</photo><photo>http://www.smartlocating.com//photos/71329/standard/6_59C3DB331E3C494CB3C04EB20C26D252.jpg</photo><photo>http://www.smartlocating.com//photos/71329/standard/7_AD508C18B7AE4B64B4BC0F875BB9B61B.jpg</photo><photo>http://www.smartlocating.com//photos/71329/standard/8_0D33B087151D495690BE88C4F550810E.jpg</photo><photo>http://www.smartlocating.com//photos/71329/standard/9_0B3FB53A64B54D8E8FA1F46E771777EC.jpg</photo></photos><pet><allowed>True</allowed><depositMin>300.0000</depositMin><depositMax>300.0000</depositMax><feeMin>150.0000</feeMin><feeMax>150.0000</feeMax><extraRent>0.0000</extraRent><limit>2</limit><weight>20</weight><notes>no aggressive breeds</notes><breedRestriction>True</breedRestriction><interview>False</interview></pet><floorplans lastUpdated="9/28/2008"><floorplan><floorplanID>141655</floorplanID><bed>1</bed><bath>1</bath><construct>Flat</construct><rent>575.0000</rent><deposit>250.0000</deposit><sqft>706</sqft><washerDryer>FULLSIZE_CONNECTIONS</washerDryer><garage>False</garage><fireplace>True</fireplace><denStudy>False</denStudy><sunroom>False</sunroom><available>11/30/2008 12:00:00 AM</available><photo /></floorplan><floorplan><floorplanID>141656</floorplanID><bed>2</bed><bath>2</bath><construct>Flat</construct><rent>675.0000</rent><deposit>250.0000</deposit><sqft>936</sqft><washerDryer>FULLSIZE_CONNECTIONS</washerDryer><garage>False</garage><fireplace>True</fireplace><denStudy>False</denStudy><sunroom>False</sunroom><available>11/30/2008 12:00:00 AM</available><photo /></floorplan></floorplans><parking><reserved>False</reserved><covered>False</covered><garage>False</garage><detached>False</detached></parking><school><district>Allen</district><elementary>Reid</elementary><middle>Curtis</middle><high>Allen</high></school><aptratings><rating><date>11/5/2007 3:48:00 PM</date><title /><description>I lived at this apartment for half a year until, because of something completely out of the staff's control, the building I lived in burned down. The pools are crystal clear, and children play in them all the time during the summer. The grounds are beautiful and well kept up.</description><link>http://www.apartmentratings.com/rate/TX-Allen-Cottonwood-Creek-Apartments-694561.html</link><recommended>True</recommended></rating><rating><date>2/17/2007 4:56:00 AM</date><title /><description>a great place to live and have kids grow up. great plumber and great managment team</description><link>http://www.apartmentratings.com/rate/TX-Allen-Cottonwood-Creek-Apartments-587424.html</link><recommended>True</recommended></rating><rating><date>12/9/2006 1:12:00 PM</date><title>my key fits two of my neighbors door.</title><description>My apartment key opens two of my neighbors door. One of my neighbors door key opens my door. My mothers house key opens my door. When I told the manager about this she simply stated that her friends key fits her door also. They have one master key that fits</description><link>http://www.apartmentratings.com/rate/TX-Allen-Cottonwood-Creek-Apartments-560521.html</link><recommended>False</recommended></rating><rating><date>11/25/2006 8:28:00 PM</date><title>RUN THE OTHER WAY - ITS CRIMINAL!!!</title><description>THE STAFF WILL SMILE @ YOU &amp; GIVE YOU AN EXCUSE WHY THEY CANT DO SOMETHING. THEY WONT LIFT A FINGER TO REMOVE A TREE &amp; CLIPPINGS THAT HAVE BEEN PILED IN THE MAIN YARD FOR MORE THAN 5 MONTHS. CAN YOU SAY SAFETY RISK. CAN YOU SAY ESTHETICS. "WE</description><link>http://www.apartmentratings.com/rate/TX-Allen-Cottonwood-Creek-Apartments-555127.html</link><recommended>False</recommended></rating><rating><date>7/31/2006 3:04:00 AM</date><title /><description>Don't count on getting anything fixed right or in a timely fashion. It won't happen.</description><link>http://www.apartmentratings.com/rate/TX-Allen-Cottonwood-Creek-Apartments-509724.html</link><recommended>False</recommended></rating><rating><date>8/13/2005 2:52:00 PM</date><title /><description>I have lived here since 1999. I really enjoy living here, it is quiet, safe, and I have not had any porblems. The staff is very friendly and works really hard to make sure everything is taken care of. The price is also great, they have not gone up on</description><link>http://www.apartmentratings.com/rate/TX-Allen-Cottonwood-Creek-Apartments-356607.html</link><recommended>True</recommended></rating><rating><date>9/22/2004 1:00:00 AM</date><title>I've been happy here...</title><description>I haven't had any problems so far, and it's been almost a year. I like the floor plan because it's larger/roomier than the newer apartments next door. Maintenence has been pretty good. (A little slow at times). The office staff is friendly. My neighbors are all great. No noise problems</description><link>http://www.apartmentratings.com/rate/TX-Allen-Cottonwood-Creek-Apartments-265947.html</link><recommended>True</recommended></rating><rating><date>6/18/2003 1:00:00 AM</date><title>Would not recommend</title><description>Apartments have foundation problems that though know to exist by the management company have not been corrected. 
Maintenance is usually patch-up jobs, not fixing the problem.
No covered parking but in an area that frequently has hail storms.
Some buildings have animal issues. (racoons in the ceilings).
Flooding in heavy rain.</description><link>http://www.apartmentratings.com/rate/TX-Allen-Cottonwood-Creek-Apartments-137647.html</link><recommended>False</recommended></rating><rating><date>12/10/2002 12:00:00 AM</date><title>Recommended</title><description>I lived at Cottonwood Creek Apts in Allen TX from July 1989 until SEP 1992! I moved into a house in SEP 1992; or I would have stayed at these apts. Cable TV is now available! You have your own water heater in each apartment. Ceiling fan connections in living</description><link>http://www.apartmentratings.com/rate/TX-Allen-Cottonwood-Creek-Apartments-103942.html</link><recommended>True</recommended></rating></aptratings></property>