﻿<?xml version="1.0" encoding="utf-8"?><property><overview><propertyID>71440</propertyID><email>eaglepoint@missionres.com</email><name>Mission Eagle Pointe</name><streetAddress>325 S Jupiter Rd</streetAddress><city>Allen</city><state>TX</state><zip>75002</zip><phone>9727471188</phone><fax>9727479922</fax><url>http://www.crestplace.com</url><officeHours>Mon-Fri 9-6 Sat 10-5 Sun 1-5</officeHours><area>Allen</area><metro>DFW</metro><county>Collin</county><yearBuilt>2003</yearBuilt><yearRenovated>0</yearRenovated><numUnits>156</numUnits><leaseTermMin>1</leaseTermMin><appFee>50</appFee><nonRefundableFee>50</nonRefundableFee><geocode>33.09758,-96.65929</geocode></overview><compensation><notes /><package><term>1</term><accompanied>0</accompanied><sent>0</sent><bonus>0</bonus></package><package><term>6</term><accompanied>50</accompanied><sent>50</sent><bonus>0</bonus></package></compensation><management><name>Mission Residential</name><onsiteManager>Jessica</onsiteManager></management><policy><incomeRestriction>False</incomeRestriction><section8>False</section8><studentHousing>False</studentHousing><seniorHousing>False</seniorHousing><corporateHousing>False</corporateHousing><creditCheck>True</creditCheck><coSigners>True</coSigners><acceptBrokenLeases>False</acceptBrokenLeases><acceptFelons>False</acceptFelons><acceptMisdemeanors>False</acceptMisdemeanors><firstTimeRenters>True</firstTimeRenters><registrationMethod>EMAIL,FAX</registrationMethod><seniorDiscount>False</seniorDiscount><allBillsPaid>False</allBillsPaid><electricPaid>False</electricPaid><gasPaid>False</gasPaid><cablePaid>False</cablePaid><trashPaid>False</trashPaid><pestControlpaid>True</pestControlpaid><specials /><paymentInDays>45</paymentInDays><sixMonthLeasePremium>0%</sixMonthLeasePremium><registrationMethod>EMAIL,FAX</registrationMethod></policy><unitoptions><bayWindows>False</bayWindows><berberCarpet>False</berberCarpet><ceilingFans>True</ceilingFans><ceramicTile>True</ceramicTile><dishwasher>True</dishwasher><bar>False</bar><furnished>False</furnished><woodFloor>False</woodFloor><gardenTubs>True</gardenTubs><laminateFloor>False</laminateFloor><alarmSystem>False</alarmSystem><microwave>True</microwave><outsideStorage>True</outsideStorage><pantry>True</pantry><patio>True</patio><walkinCloset>True</walkinCloset><stainedConcreteFloor>False</stainedConcreteFloor></unitoptions><amenities><emergencyMaint>True</emergencyMaint><accessGates>True</accessGates><basketball>True</basketball><golf>False</golf><tennis>False</tennis><swimmingPool>True</swimmingPool><racquetball>False</racquetball><volleyball>False</volleyball><joggingTrail>False</joggingTrail><picnicArea>True</picnicArea><billiardRoom>False</billiardRoom><businessCenter>True</businessCenter><cinemaRoom>False</cinemaRoom><clubhouse>False</clubhouse><conferenceRoom>False</conferenceRoom><elevators>False</elevators><fencedYards>False</fencedYards><fitnessCenter>True</fitnessCenter><handicapModified>False</handicapModified><hotTubSpaJacuzzi>True</hotTubSpaJacuzzi><laundryRooms>True</laundryRooms><perimeterFence>True</perimeterFence><playground>False</playground><schoolBusPickup>True</schoolBusPickup><shuttleRoute>False</shuttleRoute></amenities><photos><photo>http://www.smartlocating.com//photos/71440/standard/0_11AE277966BE4BB5BB3326DB172082D3.jpg</photo><photo>http://www.smartlocating.com//photos/71440/standard/10_75B5463361FA4EC796AF4BADED795BC3.jpg</photo><photo>http://www.smartlocating.com//photos/71440/standard/11_958D316EA7A54A8C9E01B2AEE4E5B6AF.jpg</photo><photo>http://www.smartlocating.com//photos/71440/standard/12_ABAC4F12B065463EB140EB676699FC84.jpg</photo><photo>http://www.smartlocating.com//photos/71440/standard/13_CF10E5D918444D0889F2A24B3263180E.jpg</photo><photo>http://www.smartlocating.com//photos/71440/standard/1_FC423809EB0943F0B2BB1EBF360A93A9.jpg</photo><photo>http://www.smartlocating.com//photos/71440/standard/2_B561D7A100AA4BA490146BD405C55CCA.jpg</photo><photo>http://www.smartlocating.com//photos/71440/standard/3_73A60C0B22E94F5E8F3FE219C14381EF.jpg</photo><photo>http://www.smartlocating.com//photos/71440/standard/4_3E562757A91E4BDD8947E3064F7582EB.jpg</photo><photo>http://www.smartlocating.com//photos/71440/standard/5_A802EFB2DD034BC2AAB514107139BCFE.jpg</photo><photo>http://www.smartlocating.com//photos/71440/standard/6_D2B3C51CBAAD45D5B9E518636DC18D4F.jpg</photo><photo>http://www.smartlocating.com//photos/71440/standard/7_66BE87DEB72D4C8A818030DCD8E98A09.jpg</photo><photo>http://www.smartlocating.com//photos/71440/standard/8_2941335E4C98433E976A91FA1D29FBDA.jpg</photo><photo>http://www.smartlocating.com//photos/71440/standard/9_3215D54B388145FBBE9E48BB93896ABD.jpg</photo></photos><pet><allowed>True</allowed><depositMin>400.0000</depositMin><depositMax>400.0000</depositMax><feeMin>200.0000</feeMin><feeMax>400.0000</feeMax><extraRent>0.0000</extraRent><limit>2</limit><weight>30</weight><notes /><breedRestriction>False</breedRestriction><interview>False</interview></pet><floorplans lastUpdated="9/28/2008"><floorplan><floorplanID>156315</floorplanID><bed>1</bed><bath>1</bath><construct>Flat</construct><rent>701.0000</rent><deposit>87.5000</deposit><sqft>727</sqft><washerDryer>FULLSIZE_CONNECTIONS</washerDryer><garage>False</garage><fireplace>True</fireplace><denStudy>False</denStudy><sunroom>False</sunroom><available>9/19/2008 12:00:00 AM</available><photo>http://www.smartlocating.com//photos/71440/floorplans/156315.jpg</photo></floorplan><floorplan><floorplanID>156316</floorplanID><bed>1</bed><bath>1</bath><construct>Flat</construct><rent>732.0000</rent><deposit>87.5000</deposit><sqft>819</sqft><washerDryer>FULLSIZE_CONNECTIONS</washerDryer><garage>False</garage><fireplace>True</fireplace><denStudy>False</denStudy><sunroom>False</sunroom><available>9/19/2008 12:00:00 AM</available><photo>http://www.smartlocating.com//photos/71440/floorplans/156316.jpg</photo></floorplan><floorplan><floorplanID>156317</floorplanID><bed>2</bed><bath>2</bath><construct>Flat</construct><rent>822.0000</rent><deposit>87.5000</deposit><sqft>1050</sqft><washerDryer>FULLSIZE_CONNECTIONS</washerDryer><garage>False</garage><fireplace>True</fireplace><denStudy>False</denStudy><sunroom>False</sunroom><available>9/19/2008 12:00:00 AM</available><photo /></floorplan><floorplan><floorplanID>156318</floorplanID><bed>3</bed><bath>2</bath><construct>Flat</construct><rent>1119.0000</rent><deposit>87.5000</deposit><sqft>1245</sqft><washerDryer>FULLSIZE_CONNECTIONS</washerDryer><garage>False</garage><fireplace>True</fireplace><denStudy>False</denStudy><sunroom>False</sunroom><available>9/19/2008 12:00:00 AM</available><photo>http://www.smartlocating.com//photos/71440/floorplans/156318.jpg</photo></floorplan></floorplans><parking><reserved>False</reserved><covered>True</covered><garage>False</garage><detached>False</detached></parking><school><district>Allen</district><elementary>D L Rountree</elementary><middle>W E Pete Ford</middle><high>Allen</high></school><aptratings><rating><date>12/29/2007 11:43:00 AM</date><title>Stay away</title><description>Crappy apartments made even more crappy by dog poop everywhere and a useless management that will listen to you and do nothing.Our 6 year old son was beaten up three times by the two mean fat slob girls who just hang around the pool and playground as soon as they</description><link>http://www.apartmentratings.com/rate/TX-Allen-Crest-Place-653969.html</link><recommended>False</recommended></rating><rating><date>12/13/2007 4:15:00 PM</date><title>This place is quickly going down hill!!</title><description>I have lived here for 2 years now and it is quickly changing for the worse. First, there is loud music played outside, kids outside yelling and screaming till late hours, and I have the priviledge of hearing the kids above me being yelled at nightly by their mother while</description><link>http://www.apartmentratings.com/rate/TX-Allen-Crest-Place-707821.html</link><recommended>False</recommended></rating><rating><date>12/4/2007 5:00:00 PM</date><title>yuk</title><description>I have been in the apartment for 4 years now.. under the new management, i am ready to move. I have asked if anything can be done to the smoke from my adjoining apartments seeps into my apartment and they tell me to get my vents clean. I am afraid</description><link>http://www.apartmentratings.com/rate/TX-Allen-Crest-Place-704489.html</link><recommended>False</recommended></rating><rating><date>8/15/2007 2:17:00 PM</date><title>Ready to leave.</title><description>This place just keeps getting worse and worse. I've posted before, but now I have more issues. I'm tired of the ice cream truck and the shaved ice truck being parked in front of our apartment and never moved. We already don't have enough parking without them using them up.</description><link>http://www.apartmentratings.com/rate/TX-Allen-Crest-Place-662338.html</link><recommended>False</recommended></rating><rating><date>8/6/2007 8:45:00 AM</date><title>Just moved it...pretty good</title><description>I've recenting moved into Crest Place. Office staff is very friendly and is willing to answer any questions you have for them. Organization is a little lacking, could be because they are very busy. But still they seem so far to be an excellent group of people.1 big complaint is</description><link>http://www.apartmentratings.com/rate/TX-Allen-Crest-Place-657787.html</link><recommended>True</recommended></rating><rating><date>7/28/2007 2:53:00 PM</date><title>New Resident;</title><description>I am a fairly new resident at this property (I've only been here for about 3 months) but I can say that I have had nothing but satisfaction from the management team. When I arrived to move in, the paperwork was quick and easy. My apartment was beautiful and clean</description><link>http://www.apartmentratings.com/rate/TX-Allen-Crest-Place-653964.html</link><recommended>True</recommended></rating><rating><date>7/12/2007 8:27:00 PM</date><title>New management</title><description>We've lived here for a couple years nowin the beginning we had no problems, but since the take over (now called Mission Eagle Pointe), we had many problems with the new management. They apparently aren't very well organized; many times my gate remote won't work so I have to wait</description><link>http://www.apartmentratings.com/rate/TX-Allen-Crest-Place-646971.html</link><recommended>False</recommended></rating><rating><date>7/3/2007 2:45:00 PM</date><title>This place sucks!!</title><description>My fiancee and I have lived here for almost 3 years and we are ready to move. When we first moved in, things were great, but it was still called Crest Place then and we had the nicest people in the office. They were a part of our family. Now,</description><link>http://www.apartmentratings.com/rate/TX-Allen-Crest-Place-642596.html</link><recommended>False</recommended></rating><rating><date>2/21/2007 3:05:00 PM</date><title>Excellent, quiet, and safe</title><description>I have lived here for over 5 months now and I love it. The apts are new and beautiful. The staff at the leasing office and the 2 maintenance men are very friendly and helpful. Every work order I have had was fixed on the same day I requested it</description><link>http://www.apartmentratings.com/rate/TX-Allen-Crest-Place-589218.html</link><recommended>True</recommended></rating><rating><date>12/13/2006 5:43:00 PM</date><title>Horrible Place To Raise Kids!!!!</title><description>This community is falling apart and management doesn't care!!!! There is dog fesces all over the grounds, vulgar comments carved in the playground and unmentionable items strewn across the breezeways. Why would someone want to live here with children?? I would not recommend living here.</description><link>http://www.apartmentratings.com/rate/TX-Allen-Crest-Place-562134.html</link><recommended>False</recommended></rating><rating><date>8/21/2006 1:18:00 AM</date><title /><description>Crime rates rising within apartment grounds. Informed staff on all 5 occasions that something of mine was vandalized/stolen. Managment did nothing.</description><link>http://www.apartmentratings.com/rate/TX-Allen-Crest-Place-521172.html</link><recommended>False</recommended></rating><rating><date>1/22/2006 8:34:00 PM</date><title>Yall Suck!</title><description>Yall Suck nice apartments but they fall apart and no one fixes it</description><link>http://www.apartmentratings.com/rate/TX-Allen-Crest-Place-403313.html</link><recommended>False</recommended></rating><rating><date>10/31/2005 11:09:00 AM</date><title>sad to go</title><description>my husband and i moved to crest place in october of 2003 before we got married. we fell in love with the communtity immediately. we have had the wonderful opportunity to meet some great people and make great friends. we even invited the office staff to our wedding. Theresa and</description><link>http://www.apartmentratings.com/rate/TX-Allen-Crest-Place-380271.html</link><recommended>True</recommended></rating><rating><date>10/18/2005 10:22:00 AM</date><title>Gorgeous apartments, friendly staff, quiet and safe</title><description>I absolutely love my apartment at Crest Place. The interior is beautiful and it's definitely an efficient use of space. There are big open areas instead of cramped hallways, and two big windows (one in living room, one in bedroom) that let in lots of light. The carpet is good</description><link>http://www.apartmentratings.com/rate/TX-Allen-Crest-Place-376725.html</link><recommended>True</recommended></rating><rating><date>6/11/2005 12:54:00 AM</date><title>Not worth it</title><description>I lived here for 1 year and liked them okay at first, but when the complex started filling up, it went downhill. 2 of my neighbors were very shady. The apartments themselves might look okay, but take a look at the grounds when everyone is home and see the kinds</description><link>http://www.apartmentratings.com/rate/TX-Allen-Crest-Place-335440.html</link><recommended>False</recommended></rating><rating><date>5/31/2005 10:46:00 PM</date><title>Not a tenant, but DEEPLY wish I were!</title><description>I have visited this property numerous times, looking for a newer and FRIENDLIER place to live. My current lease isn't up until March 2006, but I know, due to the staff (namely Cassie Songer) and the architecture and workmanship (I first viewed them while the 2nd phase was under construction),</description><link>http://www.apartmentratings.com/rate/TX-Allen-Crest-Place-332356.html</link><recommended>False</recommended></rating><rating><date>1/27/2005 2:14:00 PM</date><title>Very Nice Place to Live</title><description>I have lived in Crest Place since it's opening. I have never had a problem with the staff or the apartment itself. On the rare occurance that I did have a problem, everything was taken care of very quickly. I rarely visit the office, but they still know me by</description><link>http://www.apartmentratings.com/rate/TX-Allen-Crest-Place-297726.html</link><recommended>True</recommended></rating><rating><date>1/17/2005 4:24:00 PM</date><title>Never had a problem</title><description>I don't know what those other people are talking about. The employees there have been as nice to me as the day that I leased and they do neat things like host happy hours, sponsor blood drives and put on breakfasts. I have lived there for almost 2 years and</description><link>http://www.apartmentratings.com/rate/TX-Allen-Crest-Place-294980.html</link><recommended>True</recommended></rating><rating><date>1/15/2005 5:52:00 PM</date><title>Always a good experince for me...</title><description>There are always going to a few tenants that aren't happy, but I go the activities that the office has and always have a good time. The girls in the office alwyas know my name and say hi to me when they see me. I really like it here.</description><link>http://www.apartmentratings.com/rate/TX-Allen-Crest-Place-294593.html</link><recommended>True</recommended></rating><rating><date>1/14/2005 8:42:00 PM</date><title>friendliest office in town? ya right!</title><description>let me give anyone looking for a new home a heads up as to how the manager really is she will of course be sweet and kind to you while you are looking to rent but as soon as you move in everything changes! i'm not going to go into</description><link>http://www.apartmentratings.com/rate/TX-Allen-Crest-Place-294459.html</link><recommended>False</recommended></rating><rating><date>11/22/2004 10:20:00 AM</date><title>I have never spit in a resident's face...</title><description>Anybody who knows me knows that I would never do such a horrible thing. This seems to be a resident who was unable to follow community polices and is now disgruntled that I had to have a conversation with them. If they had bothered to use their real name and</description><link>http://www.apartmentratings.com/rate/TX-Allen-Crest-Place-282671.html</link><recommended>True</recommended></rating><rating><date>11/18/2004 2:45:00 AM</date><title>immature manager</title><description>Ok, so I cannot believe that the manager of a property would spit in a resident's face!! I can not wait until this lease is up! They are building on a new phase, and the property will be 1/2 ghetto and 1/2 new. But with the way they run things</description><link>http://www.apartmentratings.com/rate/TX-Allen-Crest-Place-281802.html</link><recommended>False</recommended></rating><rating><date>6/18/2004 1:00:00 AM</date><title>crest place resdent</title><description>i have lived her since october of 2003, and so glad i chose here. the office staff is always so friendly, and warm welcoming. there is a bit of construction, but it's already looking tons better. i can actually say that my apartment is my home.</description><link>http://www.apartmentratings.com/rate/TX-Allen-Crest-Place-235526.html</link><recommended>True</recommended></rating><rating><date>6/8/2004 1:00:00 AM</date><title>The best apartments I've lived in since I've moved to Texas</title><description>I've lived in the Dallas/FortWorth area since 1982 and Crest Place is the best apartments I've lived in.</description><link>http://www.apartmentratings.com/rate/TX-Allen-Crest-Place-231309.html</link><recommended>True</recommended></rating><rating><date>2/5/2004 12:00:00 AM</date><title>Best Apts Ever!!!!!!!</title><description>I have lived at Crest Place Apts for approx. 2 years and I couldn´t have found a better place to live. The apt itself is beautiful with 9ft vaulted ceilings, spacious rooms, and garden tubs but it is the people there that make the apt so great. The apt staff</description><link>http://www.apartmentratings.com/rate/TX-Allen-Crest-Place-188007.html</link><recommended>True</recommended></rating><rating><date>2/4/2004 12:00:00 AM</date><title>I like it here...</title><description>I have lived here since they opened in 2003 and have enjoyed my experience here. They have regular get togethers for the tenants. I have had a couple of maintenance problems, but they were fixed in just a couple of days. The staff is very friendly and courteous. I would</description><link>http://www.apartmentratings.com/rate/TX-Allen-Crest-Place-187848.html</link><recommended>True</recommended></rating></aptratings></property>