﻿<?xml version="1.0" encoding="utf-8"?><property><overview><propertyID>71585</propertyID><email>stonegate@mcmami.com</email><name>Dove Hollow</name><streetAddress>540 E Bethany Dr</streetAddress><city>Allen</city><state>TX</state><zip>75002</zip><phone>9725296161</phone><fax>9725429791</fax><url>http://www.stonegateproperties.com</url><officeHours>Mon-Fri 9-6 Sat 11-4 Sun Closed</officeHours><area>Allen</area><metro>DFW</metro><county>Collin</county><yearBuilt>1984</yearBuilt><yearRenovated>0</yearRenovated><numUnits>56</numUnits><leaseTermMin>6</leaseTermMin><appFee>40</appFee><nonRefundableFee>0</nonRefundableFee><geocode>33.08665,-96.66962</geocode></overview><compensation><notes /><package><term>6</term><accompanied>50</accompanied><sent>50</sent><bonus>0</bonus></package></compensation><management><name>Monticello Asset Management</name><onsiteManager>Jannette Warren</onsiteManager></management><policy><incomeRestriction>False</incomeRestriction><section8>False</section8><studentHousing>False</studentHousing><seniorHousing>False</seniorHousing><corporateHousing>False</corporateHousing><creditCheck>True</creditCheck><coSigners>True</coSigners><acceptBrokenLeases>False</acceptBrokenLeases><acceptFelons>False</acceptFelons><acceptMisdemeanors>False</acceptMisdemeanors><firstTimeRenters>True</firstTimeRenters><registrationMethod>FAX,PHONE</registrationMethod><seniorDiscount>True</seniorDiscount><allBillsPaid>False</allBillsPaid><electricPaid>False</electricPaid><gasPaid>False</gasPaid><cablePaid>False</cablePaid><trashPaid>False</trashPaid><pestControlpaid>False</pestControlpaid><specials /><paymentInDays /><sixMonthLeasePremium>%</sixMonthLeasePremium><registrationMethod>FAX,PHONE</registrationMethod></policy><unitoptions><bayWindows>False</bayWindows><berberCarpet>False</berberCarpet><ceilingFans>True</ceilingFans><ceramicTile>False</ceramicTile><dishwasher>True</dishwasher><bar>False</bar><furnished>False</furnished><woodFloor>False</woodFloor><gardenTubs>False</gardenTubs><laminateFloor>False</laminateFloor><alarmSystem>False</alarmSystem><microwave>False</microwave><outsideStorage>False</outsideStorage><pantry>True</pantry><patio>True</patio><walkinCloset>True</walkinCloset><stainedConcreteFloor>False</stainedConcreteFloor></unitoptions><amenities><emergencyMaint>True</emergencyMaint><accessGates>False</accessGates><basketball>False</basketball><golf>False</golf><tennis>False</tennis><swimmingPool>False</swimmingPool><racquetball>False</racquetball><volleyball>False</volleyball><joggingTrail>False</joggingTrail><picnicArea>False</picnicArea><billiardRoom>False</billiardRoom><businessCenter>False</businessCenter><cinemaRoom>False</cinemaRoom><clubhouse>False</clubhouse><conferenceRoom>False</conferenceRoom><elevators>False</elevators><fencedYards>False</fencedYards><fitnessCenter>False</fitnessCenter><handicapModified>True</handicapModified><hotTubSpaJacuzzi>False</hotTubSpaJacuzzi><laundryRooms>True</laundryRooms><perimeterFence>False</perimeterFence><playground>False</playground><schoolBusPickup>False</schoolBusPickup><shuttleRoute>False</shuttleRoute></amenities><photos><photo>http://www.smartlocating.com//photos/71585/standard/0_E986C0EA2952465780B3A1A9904C1336.jpg</photo><photo>http://www.smartlocating.com//photos/71585/standard/3_6192E5A9F68B406788192B9B958D5F94.jpg</photo><photo>http://www.smartlocating.com//photos/71585/standard/4_F8EB8394025D49DEAD09791C7CF4DA6A.jpg</photo><photo>http://www.smartlocating.com//photos/71585/standard/5_18F7F3C543574B5D8D7038A82181333A.jpg</photo><photo>http://www.smartlocating.com//photos/71585/standard/6_DDD8BEBC57794929A184A252959AD33F.jpg</photo><photo>http://www.smartlocating.com//photos/71585/standard/7_C842A9531CC74C1789C5DF87AB82D47A.jpg</photo><photo>http://www.smartlocating.com//photos/71585/standard/9_D10CD15A1EC24E63B6E2A8036C7ECC58.jpg</photo></photos><pet><allowed>True</allowed><depositMin>300.0000</depositMin><depositMax>300.0000</depositMax><feeMin>150.0000</feeMin><feeMax>150.0000</feeMax><extraRent>0.0000</extraRent><limit>2</limit><weight>25</weight><notes /><breedRestriction>False</breedRestriction><interview>False</interview></pet><floorplans lastUpdated="9/28/2008"><floorplan><floorplanID>141973</floorplanID><bed>1</bed><bath>1</bath><construct>Flat</construct><rent>595.0000</rent><deposit>100.0000</deposit><sqft>710</sqft><washerDryer>FULLSIZE_CONNECTIONS</washerDryer><garage>False</garage><fireplace>False</fireplace><denStudy>False</denStudy><sunroom>False</sunroom><available>11/9/2008 12:00:00 AM</available><photo /></floorplan><floorplan><floorplanID>141975</floorplanID><bed>2</bed><bath>1</bath><construct>Flat</construct><rent>680.0000</rent><deposit>200.0000</deposit><sqft>830</sqft><washerDryer>FULLSIZE_CONNECTIONS</washerDryer><garage>False</garage><fireplace>False</fireplace><denStudy>False</denStudy><sunroom>False</sunroom><available>11/9/2008 12:00:00 AM</available><photo /></floorplan><floorplan><floorplanID>141974</floorplanID><bed>2</bed><bath>1.5</bath><construct>Flat</construct><rent>690.0000</rent><deposit>200.0000</deposit><sqft>830</sqft><washerDryer>FULLSIZE_CONNECTIONS</washerDryer><garage>False</garage><fireplace>False</fireplace><denStudy>False</denStudy><sunroom>False</sunroom><available>11/24/2008 12:00:00 AM</available><photo /></floorplan><floorplan><floorplanID>141976</floorplanID><bed>2</bed><bath>2</bath><construct>Flat</construct><rent>720.0000</rent><deposit>200.0000</deposit><sqft>875</sqft><washerDryer>FULLSIZE_CONNECTIONS</washerDryer><garage>False</garage><fireplace>True</fireplace><denStudy>False</denStudy><sunroom>False</sunroom><available>11/24/2008 12:00:00 AM</available><photo /></floorplan></floorplans><parking><reserved>False</reserved><covered>False</covered><garage>False</garage><detached>False</detached></parking><school><district>Allen</district><elementary>Alton Boyd</elementary><middle>Ereckson</middle><high>Allen</high></school><aptratings /></property>