﻿<?xml version="1.0" encoding="utf-8"?><property><overview><propertyID>72891</propertyID><email>mapletrail@sbcglobal.net</email><name>Maple Trail</name><streetAddress>315 NGreenville Ave</streetAddress><city>Allen</city><state>TX</state><zip>75002</zip><phone>9727274500</phone><fax>9727479997</fax><url>http://</url><officeHours>Mon-Fri 9-6p Sat 10-4 Sun closed</officeHours><area>Allen</area><metro>DFW</metro><county>Collin</county><yearBuilt>2002</yearBuilt><yearRenovated>0</yearRenovated><numUnits>228</numUnits><leaseTermMin>6</leaseTermMin><appFee>45</appFee><nonRefundableFee>50</nonRefundableFee><geocode>33.10411,-96.65947</geocode></overview><compensation><notes>Need to visit property to register, call prior to visit.</notes><package><term>6</term><accompanied>50</accompanied><sent>50</sent><bonus>0</bonus></package></compensation><management><name>Bristol management</name><onsiteManager>Candy</onsiteManager></management><policy><incomeRestriction>False</incomeRestriction><section8>True</section8><studentHousing>False</studentHousing><seniorHousing>False</seniorHousing><corporateHousing>False</corporateHousing><creditCheck>True</creditCheck><coSigners>True</coSigners><acceptBrokenLeases>False</acceptBrokenLeases><acceptFelons>False</acceptFelons><acceptMisdemeanors>False</acceptMisdemeanors><firstTimeRenters>True</firstTimeRenters><registrationMethod>PHONE</registrationMethod><seniorDiscount>True</seniorDiscount><allBillsPaid>False</allBillsPaid><electricPaid>False</electricPaid><gasPaid>False</gasPaid><cablePaid>False</cablePaid><trashPaid>False</trashPaid><pestControlpaid>False</pestControlpaid><specials /><paymentInDays>30</paymentInDays><sixMonthLeasePremium>%</sixMonthLeasePremium><registrationMethod>PHONE</registrationMethod></policy><unitoptions><bayWindows>False</bayWindows><berberCarpet>False</berberCarpet><ceilingFans>True</ceilingFans><ceramicTile>True</ceramicTile><dishwasher>True</dishwasher><bar>False</bar><furnished>False</furnished><woodFloor>False</woodFloor><gardenTubs>False</gardenTubs><laminateFloor>False</laminateFloor><alarmSystem>False</alarmSystem><microwave>False</microwave><outsideStorage>False</outsideStorage><pantry>True</pantry><patio>True</patio><walkinCloset>True</walkinCloset><stainedConcreteFloor>False</stainedConcreteFloor></unitoptions><amenities><emergencyMaint>True</emergencyMaint><accessGates>False</accessGates><basketball>False</basketball><golf>False</golf><tennis>False</tennis><swimmingPool>True</swimmingPool><racquetball>False</racquetball><volleyball>False</volleyball><joggingTrail>False</joggingTrail><picnicArea>False</picnicArea><billiardRoom>False</billiardRoom><businessCenter>False</businessCenter><cinemaRoom>False</cinemaRoom><clubhouse>True</clubhouse><conferenceRoom>False</conferenceRoom><elevators>False</elevators><fencedYards>False</fencedYards><fitnessCenter>False</fitnessCenter><handicapModified>False</handicapModified><hotTubSpaJacuzzi>False</hotTubSpaJacuzzi><laundryRooms>True</laundryRooms><perimeterFence>False</perimeterFence><playground>False</playground><schoolBusPickup>False</schoolBusPickup><shuttleRoute>False</shuttleRoute></amenities><photos><photo>http://www.smartlocating.com//photos/72891/standard/0_60B6A6622E0041D2870EEF4F732B71E6.jpg</photo><photo>http://www.smartlocating.com//photos/72891/standard/1_C68D9C0A49014B73B65AFDB9D8059112.jpg</photo><photo>http://www.smartlocating.com//photos/72891/standard/2_DD826D354CED439F94D95932722DBDF3.jpg</photo><photo>http://www.smartlocating.com//photos/72891/standard/3_4037F549247E4CC0930DEDD4091DBDD3.jpg</photo><photo>http://www.smartlocating.com//photos/72891/standard/4_4DFEAEBA96604BD6BAB4BF07E1770595.jpg</photo><photo>http://www.smartlocating.com//photos/72891/standard/5_88CFF8BDDA6A43C7A0073BBBFE4F5383.jpg</photo><photo>http://www.smartlocating.com//photos/72891/standard/6_4139AB778FEF44AA99F25B740074B75F.jpg</photo><photo>http://www.smartlocating.com//photos/72891/standard/7_C76CF4F5081749EB881A3CCEB0166184.jpg</photo><photo>http://www.smartlocating.com//photos/72891/standard/8_5C69CE0ADC3E41D384DE1FF222C204EF.jpg</photo></photos><pet><allowed>True</allowed><depositMin>400.0000</depositMin><depositMax>400.0000</depositMax><feeMin>200.0000</feeMin><feeMax>400.0000</feeMax><extraRent>10.0000</extraRent><limit>2</limit><weight>35</weight><notes /><breedRestriction>True</breedRestriction><interview>False</interview></pet><floorplans lastUpdated="9/27/2008"><floorplan><floorplanID>154584</floorplanID><bed>1</bed><bath>1</bath><construct>Flat</construct><rent>675.0000</rent><deposit>150.0000</deposit><sqft>680</sqft><washerDryer>FULLSIZE_CONNECTIONS</washerDryer><garage>False</garage><fireplace>False</fireplace><denStudy>False</denStudy><sunroom>False</sunroom><available>11/10/2008 12:00:00 AM</available><photo /></floorplan><floorplan><floorplanID>154585</floorplanID><bed>2</bed><bath>2</bath><construct>Flat</construct><rent>810.0000</rent><deposit>250.0000</deposit><sqft>970</sqft><washerDryer>FULLSIZE_CONNECTIONS</washerDryer><garage>False</garage><fireplace>False</fireplace><denStudy>False</denStudy><sunroom>False</sunroom><available>9/26/2008 12:00:00 AM</available><photo /></floorplan><floorplan><floorplanID>154586</floorplanID><bed>2</bed><bath>2</bath><construct>Flat</construct><rent>875.0000</rent><deposit>250.0000</deposit><sqft>1010</sqft><washerDryer>FULLSIZE_CONNECTIONS</washerDryer><garage>False</garage><fireplace>False</fireplace><denStudy>False</denStudy><sunroom>False</sunroom><available>9/26/2008 12:00:00 AM</available><photo /></floorplan></floorplans><parking><reserved>False</reserved><covered>True</covered><garage>False</garage><detached>False</detached></parking><school><district>Allen</district><elementary>Gene M Reed</elementary><middle>Curtis</middle><high>Allen</high></school><aptratings><rating><date>7/10/2007 5:55:00 PM</date><title>Sorry to leave</title><description>I was so sorry to have to leave Maple Trail and Allen. I truly feel as though I left family behind. I was very stressed when looking for a place to live, a first time single mom of 2, I'm so glad I was led to Maple Trail. Not only</description><link>http://www.apartmentratings.com/rate/TX-Allen-Maple-Trail-645799.html</link><recommended>True</recommended></rating><rating><date>5/17/2007 4:57:00 PM</date><title>More than satisfied-over 3 years</title><description>I have lived at Maple Trail for over 3 years and have never had a more pleasant experience with an apartment complex. Unfortunately, I have taken a job that is just too far away to commute daily. I signed on to this website to research apartments near my office. After</description><link>http://www.apartmentratings.com/rate/TX-Allen-Maple-Trail-623501.html</link><recommended>True</recommended></rating><rating><date>5/16/2007 8:35:00 PM</date><title>Great Place to Live</title><description>I live at Maple Trail's with my family and we love it. We have been here a year and have just resigned our lease for another year. The apartment staff is very friendly and helpful, matinance is always quick to respond to calls. The neighbors are friendly. This is a</description><link>http://www.apartmentratings.com/rate/TX-Allen-Maple-Trail-623154.html</link><recommended>True</recommended></rating><rating><date>5/15/2007 5:03:00 PM</date><title>I love my apartment community</title><description>I love living here at maple trail apartments. The office staff is always friendly and helpful. The maintenance staff is quick and knowledgable. I have lived here for 3 years and I have not had any problem that wasn't taken care of quickly and efficently. 

I also find the area</description><link>http://www.apartmentratings.com/rate/TX-Allen-Maple-Trail-622572.html</link><recommended>True</recommended></rating><rating><date>1/15/2007 1:26:00 PM</date><title>LOVE IT!!!!!!!!!!!!!!!!!!!!</title><description>I have been here for almost a year now and this is by far the best property that I have ever lived at.
They have free exercise classes. I have already done water aerobics, Yoga and pilates. Everyone is friendly! I thought it was nice to see the management to be</description><link>http://www.apartmentratings.com/rate/TX-Allen-Maple-Trail-572921.html</link><recommended>True</recommended></rating><rating><date>11/9/2006 9:28:00 AM</date><title>So happy...TO LEAVE</title><description>I couldn't wait to leave here. These apartments, for as new as they are, are run horribly by the most inconsiderate staff. They will be trash in a few short years. Do not rent here if you can afford to look somewhere else, I advise you, go, quickly. (Auberry is</description><link>http://www.apartmentratings.com/rate/TX-Allen-Maple-Trail-550391.html</link><recommended>False</recommended></rating><rating><date>8/27/2006 12:46:00 AM</date><title>Hypocracy at the Trail</title><description>Pretty sad when residents are faced with a $100 fine for not cleaning up after their pets, but the assistant manager's mom can walk her little dog and let it go all over the place and not pick it up.</description><link>http://www.apartmentratings.com/rate/TX-Allen-Maple-Trail-523915.html</link><recommended>False</recommended></rating><rating><date>8/11/2006 6:41:00 PM</date><title>Sad to have to leave......</title><description>I have lived here for approximately 1 1/2yrs. Through no choice of my own, I must leave due to a job transfer to Phoenix, AZ.
First off, upon looking at the apartments, being that it is next to Allen High School, I thought, what FUN this is gonna be. It actually</description><link>http://www.apartmentratings.com/rate/TX-Allen-Maple-Trail-516926.html</link><recommended>True</recommended></rating><rating><date>5/30/2006 1:02:00 PM</date><title>Weekend Office Help</title><description>I called last week and spoke with a lady about a two bedroom apartment. I was told about two that will coming up they were being worked on .I came by the office Saturday and spoke to one of the rudest and uncaring people I have ever came across working</description><link>http://www.apartmentratings.com/rate/TX-Allen-Maple-Trail-460075.html</link><recommended>False</recommended></rating><rating><date>5/2/2006 10:46:00 AM</date><title>Weekend Leasing Person</title><description>To Whom This May Concern,
 Please replace your weekend help. We came out looking for a two bedroom and had called during the week and spoke to a very nice lady over the phone.
My husband was told that you had some and would be able to look at one .But</description><link>http://www.apartmentratings.com/rate/TX-Allen-Maple-Trail-447030.html</link><recommended>False</recommended></rating><rating><date>2/20/2006 9:50:00 PM</date><title>Can't wait to move.</title><description>Noisy dishwasher and heating and cooling unit. Have to turn up the tv to hear it, or go into the bedroom and shut the door to talk on the phone. There is only a fraction of the parking spaces needed for the number of apartments, even with covered parking that</description><link>http://www.apartmentratings.com/rate/TX-Allen-Maple-Trail-413965.html</link><recommended>False</recommended></rating><rating><date>2/7/2006 3:33:00 PM</date><title /><description>terrible place management cannot make up their minds, also gone through so many owners terrible it is all a trick to get you in!</description><link>http://www.apartmentratings.com/rate/TX-Allen-Maple-Trail-409258.html</link><recommended>False</recommended></rating><rating><date>2/2/2006 12:13:00 PM</date><title /><description>I LOVE IT HERE!!!!
I have been here for 3 years I love this place. I cannot say enough good things about the kind, friendly management. They have outstanding response. They are SUPER!!! The property is a safe secure beautiful property!!! The upkeep by the maintenance is wonderful and always with</description><link>http://www.apartmentratings.com/rate/TX-Allen-Maple-Trail-407399.html</link><recommended>True</recommended></rating><rating><date>1/11/2006 2:38:00 PM</date><title /><description>My grandma stays here and it is a nice complex but you can never find a place to park. I promise I've walked from one side of the complex to the other cause there was no place to park. It is sad. My grandma had to fight for a handicap</description><link>http://www.apartmentratings.com/rate/TX-Allen-Maple-Trail-399684.html</link><recommended>True</recommended></rating><rating><date>1/9/2006 1:47:00 PM</date><title>Not a pleasant experience</title><description>My boyfriend and I lived at this complex (with a roommate) for two years and would not recommend this complex unless it is under new management. Parking was a nightmare - even after paying for a reserved spot others often parked in my space, especially late at night. I could</description><link>http://www.apartmentratings.com/rate/TX-Allen-Maple-Trail-398890.html</link><recommended>False</recommended></rating><rating><date>12/6/2005 8:28:00 AM</date><title /><description>Some of your neighbors are playing there music to loud and it desterbs my son when he is sleeping but everything else is okay you all have a lovely pool area and good parking most of the time.</description><link>http://www.apartmentratings.com/rate/TX-Allen-Maple-Trail-389948.html</link><recommended>True</recommended></rating><rating><date>6/24/2005 1:16:00 PM</date><title>Happy so far</title><description>Granted I have only been here 3 weeks but so far I love it. My apt. appears to be built well and was very clean when I moved in. The office staff is a joy to deal with. They are very pleasant and the manager Rhonda will bend over backwards</description><link>http://www.apartmentratings.com/rate/TX-Allen-Maple-Trail-339175.html</link><recommended>True</recommended></rating><rating><date>10/22/2004 1:36:00 PM</date><title>Not bad at all</title><description>My expieriance living here was nice, allthough the walls seem then, I could here the woman under me walk around. Management is very helpfull and they are very quick in getting things done. I just mentioned that a bulb in the chandelier was out and she insisted that one of</description><link>http://www.apartmentratings.com/rate/TX-Allen-Maple-Trail-275022.html</link><recommended>True</recommended></rating><rating><date>2/25/2004 12:00:00 AM</date><title>overall good, but watch some things</title><description>parking is terrible. You have to pay extra for a covered spot. Otherwise you use unassigned parking and there is not near enough. Parking on street very common, but so are busted windows and break ins. Management is pretty good and I enjoy living there.</description><link>http://www.apartmentratings.com/rate/TX-Allen-Maple-Trail-194615.html</link><recommended>True</recommended></rating><rating><date>12/18/2003 12:00:00 AM</date><title>Average all around</title><description>It was one of the few places with a reasonable price on a 3 month lease. We used it as a temporary place to live whie our house was being built. Its close proximity to the high school allowed us to enjoy early morning band practice, track and field events,</description><link>http://www.apartmentratings.com/rate/TX-Allen-Maple-Trail-175268.html</link><recommended>True</recommended></rating></aptratings></property>