﻿<?xml version="1.0" encoding="utf-8"?><property><overview><propertyID>74262</propertyID><email>Settlersgate@bhmanagement.com</email><name>Settler's Gate</name><streetAddress>1420 W McDermott</streetAddress><city>Allen</city><state>TX</state><zip>75013</zip><phone>9723591470</phone><fax>9723591469</fax><url>http://</url><officeHours>Mon-Fri 9:30-6:30 Sat 10-5:30 Sun 1-5</officeHours><area>Allen</area><metro>DFW</metro><county>Collin</county><yearBuilt>1998</yearBuilt><yearRenovated>0</yearRenovated><numUnits>432</numUnits><leaseTermMin>3</leaseTermMin><appFee>55</appFee><nonRefundableFee>125</nonRefundableFee><geocode>33.10101,-96.70638</geocode></overview><compensation><notes /><package><term>3</term><accompanied>0</accompanied><sent>0</sent><bonus>0</bonus></package><package><term>6</term><accompanied>50</accompanied><sent>50</sent><bonus>0</bonus></package><package><term>12</term><accompanied>100</accompanied><sent>100</sent><bonus>0</bonus></package></compensation><management><name>BH Management</name><onsiteManager>Tracy Reyes</onsiteManager></management><policy><incomeRestriction>False</incomeRestriction><section8>False</section8><studentHousing>False</studentHousing><seniorHousing>False</seniorHousing><corporateHousing>True</corporateHousing><creditCheck>True</creditCheck><coSigners>True</coSigners><acceptBrokenLeases>False</acceptBrokenLeases><acceptFelons>False</acceptFelons><acceptMisdemeanors>True</acceptMisdemeanors><firstTimeRenters>True</firstTimeRenters><registrationMethod>APTREG</registrationMethod><seniorDiscount>False</seniorDiscount><allBillsPaid>False</allBillsPaid><electricPaid>False</electricPaid><gasPaid>False</gasPaid><cablePaid>False</cablePaid><trashPaid>False</trashPaid><pestControlpaid>False</pestControlpaid><specials>look and lease : 1/2 deposit and 1/2 application fee
$300-$500 off 1st month on select units


3% Preferred employer discount.</specials><paymentInDays /><sixMonthLeasePremium>%</sixMonthLeasePremium><registrationMethod>APTREG</registrationMethod></policy><unitoptions><bayWindows>False</bayWindows><berberCarpet>True</berberCarpet><ceilingFans>True</ceilingFans><ceramicTile>True</ceramicTile><dishwasher>True</dishwasher><bar>False</bar><furnished>False</furnished><woodFloor>False</woodFloor><gardenTubs>True</gardenTubs><laminateFloor>False</laminateFloor><alarmSystem>True</alarmSystem><microwave>True</microwave><outsideStorage>True</outsideStorage><pantry>True</pantry><patio>True</patio><walkinCloset>True</walkinCloset><stainedConcreteFloor>False</stainedConcreteFloor></unitoptions><amenities><emergencyMaint>True</emergencyMaint><accessGates>True</accessGates><basketball>False</basketball><golf>True</golf><tennis>False</tennis><swimmingPool>True</swimmingPool><racquetball>False</racquetball><volleyball>True</volleyball><joggingTrail>False</joggingTrail><picnicArea>True</picnicArea><billiardRoom>True</billiardRoom><businessCenter>True</businessCenter><cinemaRoom>True</cinemaRoom><clubhouse>True</clubhouse><conferenceRoom>True</conferenceRoom><elevators>False</elevators><fencedYards>False</fencedYards><fitnessCenter>True</fitnessCenter><handicapModified>True</handicapModified><hotTubSpaJacuzzi>True</hotTubSpaJacuzzi><laundryRooms>True</laundryRooms><perimeterFence>True</perimeterFence><playground>True</playground><schoolBusPickup>True</schoolBusPickup><shuttleRoute>True</shuttleRoute></amenities><photos><photo>http://www.smartlocating.com//photos/74262/standard/0_3C19A50E75AD4A5C952DF7ED23F24654.jpg</photo><photo>http://www.smartlocating.com//photos/74262/standard/10_7F726D6898CA4CBFA61182E3B5801BEC.jpg</photo><photo>http://www.smartlocating.com//photos/74262/standard/11_77B68508DCF445949F890457F60A8B32.jpg</photo><photo>http://www.smartlocating.com//photos/74262/standard/12_6CE557589DC64056B2C1E173D6C2E25A.jpg</photo><photo>http://www.smartlocating.com//photos/74262/standard/13_B7D7F0B2C0614ACCAB182CA692B3E1EA.jpg</photo><photo>http://www.smartlocating.com//photos/74262/standard/1_363FF0F0DDA14442B8FE134C85A820A5.jpg</photo><photo>http://www.smartlocating.com//photos/74262/standard/2_AD1EB99B12CF418698BAF595E777B18A.jpg</photo><photo>http://www.smartlocating.com//photos/74262/standard/3_68491AB5AF534918AD0376FA3BEF5D63.jpg</photo><photo>http://www.smartlocating.com//photos/74262/standard/4_80AE14FC4A2F494D926858C2B1B85CB3.jpg</photo><photo>http://www.smartlocating.com//photos/74262/standard/5_8ED4F78B8EEC4D6284FDB10B7A29E946.jpg</photo><photo>http://www.smartlocating.com//photos/74262/standard/6_E5E94BB70DD645858924256139BCD1CD.jpg</photo><photo>http://www.smartlocating.com//photos/74262/standard/7_48CA45D9C36B4DBBA9776098A7A5FFDE.jpg</photo><photo>http://www.smartlocating.com//photos/74262/standard/8_1CE2D6CF34E54B4C81E533B8DD5EB808.jpg</photo><photo>http://www.smartlocating.com//photos/74262/standard/9_5EE64804C09A4DF0BF6CADFD36350EBB.jpg</photo></photos><pet><allowed>True</allowed><depositMin>300.0000</depositMin><depositMax>600.0000</depositMax><feeMin>150.0000</feeMin><feeMax>300.0000</feeMax><extraRent>15.0000</extraRent><limit>2</limit><weight>100</weight><notes /><breedRestriction>False</breedRestriction><interview>False</interview></pet><floorplans lastUpdated="9/27/2008"><floorplan><floorplanID>145772</floorplanID><bed>1</bed><bath>1</bath><construct>Flat</construct><rent>760.0000</rent><deposit>100.0000</deposit><sqft>736</sqft><washerDryer>FULLSIZE_CONNECTIONS</washerDryer><garage>False</garage><fireplace>False</fireplace><denStudy>False</denStudy><sunroom>False</sunroom><available>10/11/2008 12:00:00 AM</available><photo>http://www.smartlocating.com//photos/74262/floorplans/145772.JPG</photo></floorplan><floorplan><floorplanID>145773</floorplanID><bed>1</bed><bath>1</bath><construct>Flat</construct><rent>829.0000</rent><deposit>100.0000</deposit><sqft>910</sqft><washerDryer>FULLSIZE_CONNECTIONS</washerDryer><garage>False</garage><fireplace>True</fireplace><denStudy>True</denStudy><sunroom>False</sunroom><available>10/11/2008 12:00:00 AM</available><photo>http://www.smartlocating.com//photos/74262/floorplans/145773.JPG</photo></floorplan><floorplan><floorplanID>145774</floorplanID><bed>2</bed><bath>2</bath><construct>Flat</construct><rent>1019.0000</rent><deposit>200.0000</deposit><sqft>1166</sqft><washerDryer>FULLSIZE_CONNECTIONS</washerDryer><garage>False</garage><fireplace>True</fireplace><denStudy>False</denStudy><sunroom>False</sunroom><available>10/11/2008 12:00:00 AM</available><photo>http://www.smartlocating.com//photos/74262/floorplans/145774.JPG</photo></floorplan><floorplan><floorplanID>145775</floorplanID><bed>2</bed><bath>2</bath><construct>Flat</construct><rent>1089.0000</rent><deposit>200.0000</deposit><sqft>1204</sqft><washerDryer>FULLSIZE_CONNECTIONS</washerDryer><garage>False</garage><fireplace>True</fireplace><denStudy>False</denStudy><sunroom>False</sunroom><available>10/11/2008 12:00:00 AM</available><photo>http://www.smartlocating.com//photos/74262/floorplans/145775.JPG</photo></floorplan><floorplan><floorplanID>145776</floorplanID><bed>2</bed><bath>2</bath><construct>Flat</construct><rent>939.0000</rent><deposit>200.0000</deposit><sqft>1305</sqft><washerDryer>FULLSIZE_CONNECTIONS</washerDryer><garage>False</garage><fireplace>True</fireplace><denStudy>False</denStudy><sunroom>True</sunroom><available>10/11/2008 12:00:00 AM</available><photo>http://www.smartlocating.com//photos/74262/floorplans/145776.JPG</photo></floorplan><floorplan><floorplanID>145777</floorplanID><bed>2</bed><bath>2</bath><construct>Flat</construct><rent>949.0000</rent><deposit>200.0000</deposit><sqft>1315</sqft><washerDryer>FULLSIZE_CONNECTIONS</washerDryer><garage>False</garage><fireplace>True</fireplace><denStudy>False</denStudy><sunroom>True</sunroom><available>10/11/2008 12:00:00 AM</available><photo>http://www.smartlocating.com//photos/74262/floorplans/145777.JPG</photo></floorplan><floorplan><floorplanID>145778</floorplanID><bed>3</bed><bath>2</bath><construct>Flat</construct><rent>1179.0000</rent><deposit>300.0000</deposit><sqft>1231</sqft><washerDryer>FULLSIZE_CONNECTIONS</washerDryer><garage>False</garage><fireplace>True</fireplace><denStudy>False</denStudy><sunroom>False</sunroom><available>10/11/2008 12:00:00 AM</available><photo>http://www.smartlocating.com//photos/74262/floorplans/145778.JPG</photo></floorplan></floorplans><parking><reserved>True</reserved><covered>True</covered><garage>False</garage><detached>True</detached></parking><school><district>Allen</district><elementary>Flossie Floyd Green</elementary><middle>Curtis</middle><high>Allen</high></school><aptratings><rating><date>2/10/2008 12:57:00 AM</date><title>This place is awful</title><description>The walls and ceiling in these apartments are paper thin. I can hear the lady next door blabbing away on her phone, and the guy upstairs taking a leak. It's crazy, and not worth the money at all. The leasing office is useless and does nothing to abate the situation,</description><link>http://www.apartmentratings.com/rate/TX-Allen-Settlers-Gate-Apartments-730369.html</link><recommended>False</recommended></rating><rating><date>12/27/2007 4:40:00 PM</date><title>No, no, and no!</title><description>1.) When we first moved in, there was a miscommunication on one of the staffers. We were told to make our first rent payment via check, but come to find out, we had to have a cashiers check, which the management FAILED to tell us.2.) I have lived at Lansbrook</description><link>http://www.apartmentratings.com/rate/TX-Allen-Settlers-Gate-Apartments-711677.html</link><recommended>False</recommended></rating><rating><date>8/8/2007 2:39:00 PM</date><title>Good place to live</title><description>Settler's Gate has been a good place to reside. The office staff have been responsive and understanding on all my issues, and have provided good hours and availability. Johnny, one of the managers, in particular has been very helpful in helping me resolve maintenance issues. Johnny has a thorough understanding</description><link>http://www.apartmentratings.com/rate/TX-Allen-Settlers-Gate-Apartments-659113.html</link><recommended>True</recommended></rating><rating><date>8/7/2007 2:56:00 PM</date><title>Management is awful!</title><description>My partner and I have been at Settlers Gate since April and have made, on average, 5 calls per month regarding our neighbors upstairs who are unusually loud until midnight or later. The courtesy officer for after hours issues is useless, their supposed noise ordinance is a farce, and management</description><link>http://www.apartmentratings.com/rate/TX-Allen-Settlers-Gate-Apartments-658539.html</link><recommended>False</recommended></rating><rating><date>8/4/2007 12:09:00 AM</date><title>LEASING OFFICE IS A JOKE!!</title><description>This place sucks! JOHNNY is the biggest, cockiest, rudest person you will ever meet. Some of the comments here say how nice he is and that he should be MANAGER? There is not ONE person that would type that. It's obvious that HE is logging on here and adding all</description><link>http://www.apartmentratings.com/rate/TX-Allen-Settlers-Gate-Apartments-619225.html</link><recommended>False</recommended></rating><rating><date>8/3/2007 7:46:00 PM</date><title>Years at the Gate</title><description>I've love the area, the schools have been great for my daughters. But the number one problem has been the mangement. Never knowing whom might be the Office personal! always changing? If it wasn't for the schools, the area I would have left this appartment complex long ago. In the</description><link>http://www.apartmentratings.com/rate/TX-Allen-Settlers-Gate-Apartments-657056.html</link><recommended>False</recommended></rating><rating><date>8/3/2007 2:40:00 PM</date><title>NO! NO! NO! Don't move here!</title><description>COMPLAINT ACTIVITY REPORT Case # 91046469 Better Business Bureau of Metropolitan Dallas, Inc.Consumer Info: Hart, Brian Business Info: Settlers Gate Luxury Apartment 505 Benton Drive #7308 1420 W. McDermott, Office  Allen, TX 75013 Allen, TX 75013 214 547-7590 972 850-4648 972 359-1470Location Involved: (Same as above)Consumer's Original Complaint :I</description><link>http://www.apartmentratings.com/rate/TX-Allen-Settlers-Gate-Apartments-638513.html</link><recommended>False</recommended></rating><rating><date>6/15/2007 2:02:00 PM</date><title>I miss this place.....</title><description>I recently moved into a new apartment in Irving so I could live closer to work. I realized how good I had it at Settler's Gate! My husband and I lived there for over a year and a half, and never had any problems. Any complaints I had, they were</description><link>http://www.apartmentratings.com/rate/TX-Allen-Settlers-Gate-Apartments-634604.html</link><recommended>True</recommended></rating><rating><date>6/11/2007 11:55:00 PM</date><title>settlersgatesucks@yahoomail.com, I think this says it all.</title><description>If you like to pay your rent early and never late don't fear you will still get an eviction notice because they don't know how to add. You will have to show them proof you paid it because Carmen Suggs (Regional Vice President) only cares about your $$money$$. We tried</description><link>http://www.apartmentratings.com/rate/TX-Allen-Settlers-Gate-Apartments-632984.html</link><recommended>False</recommended></rating><rating><date>6/2/2007 3:50:00 PM</date><title>VERY UNPROFESSIONAL, RUDE, AND NEEDS TO BE FIRED!!!</title><description>If you want to be able to pay your rent and be able to work at the same time, dont count on living here. They block off the night drop box and you have to hand deliver your rent to them. If you actually work and have a job this</description><link>http://www.apartmentratings.com/rate/TX-Allen-Settlers-Gate-Apartments-629474.html</link><recommended>False</recommended></rating><rating><date>5/4/2007 2:54:00 PM</date><title>STAY AWAY FROM THIS PLACE</title><description>BEFORE YOU MOVE INTO THIS HELL, JUST READ ALL THESE REVIEWS AND YES DO BELEIVE, THEY ARE ALL CORRECT.THESE PEOPLE WILL DO ANYTHING TO GET YOU IN, AFTER THAT IT IS DIFFERENT STORY. I DON'T WANT TO TALK ABOUT ALL MY HORIBLE EXPERIANCES I HAVE WITH THEM, AND YES I</description><link>http://www.apartmentratings.com/rate/TX-Allen-Settlers-Gate-Apartments-618161.html</link><recommended>False</recommended></rating><rating><date>4/21/2007 5:27:00 PM</date><title>An apartment yes, Luxury it's a joke. Cheap run down apartment in a nice package.</title><description>I moved here from Virginia, I saw the outside and was sold. The show apartment was nice. (becuase it has never been lived in) Curb appeal was great until I got my keys and went inside. Dirty carpets, linoleum floors which are scratched, walls which have been painted over several</description><link>http://www.apartmentratings.com/rate/TX-Allen-Settlers-Gate-Apartments-612496.html</link><recommended>False</recommended></rating><rating><date>3/22/2007 1:26:00 PM</date><title>Horrible place to live</title><description>Imagine this, water, dripping out of your ceiling/wall. Management, not in a big hurry to care. Damage done to furniture, who cares. Fans to dry the carpet, pewew!! Now comes the repairs, I can see every seam that was repaired, and the paint doesn't match. Rude staff. Can't wait to</description><link>http://www.apartmentratings.com/rate/TX-Allen-Settlers-Gate-Apartments-601135.html</link><recommended>False</recommended></rating><rating><date>3/9/2007 4:09:00 PM</date><title>Save yourself the headache</title><description>We lived there for 3 years. then we bought a house, so we needed additional two months, and we made a deal with one of the leasing agent to pay the full price for the apt without additional fees.
The first bill came and it was ok, but two day later</description><link>http://www.apartmentratings.com/rate/TX-Allen-Settlers-Gate-Apartments-596573.html</link><recommended>False</recommended></rating><rating><date>1/22/2007 3:24:00 PM</date><title>I LIVE IN HELL!!!</title><description>DONT LIVE HERE! MANAGEMENT/MAINTENECE IS HORRIBLE. PLEASE LISTEN TO EVERYONE WHEN WE SAY THIS IS A BAD PLACE TO LIVE. PAY A LITTLE MORE MONEY A MONTH AND LIVE SOMEWHERE ELSE. TRUST ME!</description><link>http://www.apartmentratings.com/rate/TX-Allen-Settlers-Gate-Apartments-575938.html</link><recommended>False</recommended></rating><rating><date>1/21/2007 8:10:00 PM</date><title>RANKS LOW ON MY LIST OF EXPECTATIONS!</title><description>I am one that doesn't complain much at all. I rank this complex one of the worst complexs I have lived in. I could complain about my personal experiences but I wont. I will give you facts.

* I can lay in my bed in a 1 bedroom, and hear the</description><link>http://www.apartmentratings.com/rate/TX-Allen-Settlers-Gate-Apartments-575651.html</link><recommended>False</recommended></rating><rating><date>12/14/2006 3:23:00 PM</date><title>This place will deceive you and so will the office staff.</title><description>I lived here for only 8 months and about to move out soon, thank god. I have lived in apt's for most my life and this was the worst experience ever. The staff seems friendly, nice, and attentive ofcourse at first glance when they are giving you papers to sign</description><link>http://www.apartmentratings.com/rate/TX-Allen-Settlers-Gate-Apartments-562473.html</link><recommended>False</recommended></rating><rating><date>11/22/2006 3:55:00 PM</date><title>Cant Wait To Move!! Hate this place</title><description>I moved to this complex thinking it was a luxory apartment. It was close to job and nice community. Nothing but problems from the time we moved in. Maintenance issues are ongoing, never repaired completely.. temporary fix then same issue within weeks. 
Manangement is very rude. 
Had issue where son</description><link>http://www.apartmentratings.com/rate/TX-Allen-Settlers-Gate-Apartments-554545.html</link><recommended>False</recommended></rating><rating><date>10/2/2006 11:25:00 AM</date><title>A bunch of con artists</title><description>Applied for a unit was denied. No big deal. Wrote two checks. One for application fee the other for a deposit. Was denied so obviouly the app fee would still apply but they took my 250 down payment (overdrafted my account) Then said I would have to call corporate to</description><link>http://www.apartmentratings.com/rate/TX-Allen-Settlers-Gate-Apartments-537137.html</link><recommended>False</recommended></rating><rating><date>8/4/2006 2:49:00 PM</date><title>Not so luxury!!</title><description>I USED to live at this complex, and had some of the same problems. Along with people speeding and peeling out through the complex that resulted in two accidents (in one a BMW was totaled). With a playground off the main entranceway, it is just asking for kids to get</description><link>http://www.apartmentratings.com/rate/TX-Allen-Settlers-Gate-Apartments-512784.html</link><recommended>False</recommended></rating><rating><date>6/27/2006 3:52:00 PM</date><title>Don't live here...</title><description>I unfortunately am still living here until my lease is up as I cannot afford to pay the cost to break the lease. I hate it here. I have lived in apartments before and never had to deal with what I do. This place is so loud to live and</description><link>http://www.apartmentratings.com/rate/TX-Allen-Settlers-Gate-Apartments-474930.html</link><recommended>False</recommended></rating><rating><date>6/18/2006 8:03:00 PM</date><title>Not tenant friendly</title><description>I am in the process of moving OUT of Settler's Gate apartments. I have lived in Settler's Gate since I moved to Texas in 2001. They were just like any other apartment complex until they were bought out by Sherman Residential sometime in 2004. Since then I have experienced the</description><link>http://www.apartmentratings.com/rate/TX-Allen-Settlers-Gate-Apartments-470265.html</link><recommended>False</recommended></rating><rating><date>6/7/2006 3:33:00 PM</date><title>$10,0000.00 owed, ha</title><description>I lived there for 1 yr, lost my job, had to move out, broke lease, okay I know I screwed up, but they are trying to say I owe them $10,000.00. HA, BIG JOKE!!! IMPOSSIBLE IMPOSSIBLE, IMPOSSIBLE!! THEY ARE IDIOTS, AND THE MANAGER BITCH IS COMPLETLEY RUDE AND IMMATURETOLD HER</description><link>http://www.apartmentratings.com/rate/TX-Allen-Settlers-Gate-Apartments-464678.html</link><recommended>False</recommended></rating><rating><date>6/5/2006 10:15:00 AM</date><title>ANTS AND GREEN POOLS</title><description>AS FAR AS i AM CONSIDERED THERE IS NO MANAGEMENT HERE . FIRE YES FIRE ANTS ALL OVER MY PLACE!!! DISGUSTING. 2 OF THE 3 WATER FACILITIES ARE UNSWIMABLE</description><link>http://www.apartmentratings.com/rate/TX-Allen-Settlers-Gate-Apartments-463184.html</link><recommended>False</recommended></rating><rating><date>5/17/2006 7:12:00 PM</date><title>Horrible Management</title><description>Sherman Residential took over this property a few months ago and remodeled the whole property. Looks like project housing now. And these are supposed to be luxury apartments! They moved in a bunch of irresponsible teenagers and some ghetto fabulous from Oak Cliff and the place just went to hell.</description><link>http://www.apartmentratings.com/rate/TX-Allen-Settlers-Gate-Apartments-454459.html</link><recommended>False</recommended></rating><rating><date>5/16/2006 8:35:00 PM</date><title>So far horrible...</title><description>I have lived here since 4/23/2006 and it has been a problem ever since. My apartment was not made ready for me to move in when I told them that I was moving in OVER a month before. It was not painted, the carpet was not cleaned, there were cracks</description><link>http://www.apartmentratings.com/rate/TX-Allen-Settlers-Gate-Apartments-453909.html</link><recommended>False</recommended></rating><rating><date>4/6/2006 3:38:00 PM</date><title>I don't get it</title><description>i read most of the reviews and from what i saw most of the complaints seem to be caused by the people that were renting not the management. now i can say that management isn't always great from what i've exprienced so far but what do you expect. Find me</description><link>http://www.apartmentratings.com/rate/TX-Allen-Settlers-Gate-Apartments-434750.html</link><recommended>True</recommended></rating><rating><date>4/1/2006 6:14:00 PM</date><title>FINALLY about to move!!!</title><description>After a LONG year of living here I am more than ready to get out of here. I was so excited at first, but after having my car towed, noise violations when only 2 people were over, and issues with the office staff I am counting down the days until</description><link>http://www.apartmentratings.com/rate/TX-Allen-Settlers-Gate-Apartments-432297.html</link><recommended>False</recommended></rating><rating><date>4/1/2006 2:07:00 PM</date><title>it may get better???</title><description>I've lived here for 1.5 years and am very dissatisfied with Settler's Gate. I won't go into a long story about my situation, but I will say this, I paid a HEFTY sum to down size from a large apartment to a small apartment! When I moved into the larger</description><link>http://www.apartmentratings.com/rate/TX-Allen-Settlers-Gate-Apartments-432194.html</link><recommended>False</recommended></rating><rating><date>3/25/2006 7:49:00 PM</date><title>wonder how its doing now that the DEVIL has left</title><description>So I guess in the past 4 months alot has happened-doesnt that tell you something about how apts are doing when they keep changing staff- I worked there for like 3 wks and the pyscho manager was having a SKITZO week, then the nasty ass guy in the office David</description><link>http://www.apartmentratings.com/rate/TX-Allen-Settlers-Gate-Apartments-428907.html</link><recommended>False</recommended></rating><rating><date>2/27/2006 9:59:00 AM</date><title>I don't even live here!!!</title><description>First of all, I've never lived at Settler's Gate, I made the HUGE mistake of going to look at their apts. They asked for a check to hold an apartment when one became available. They were running a special where there was NO application fee. Okay, I'll bite, so I</description><link>http://www.apartmentratings.com/rate/TX-Allen-Settlers-Gate-Apartments-416488.html</link><recommended>False</recommended></rating><rating><date>1/25/2006 10:35:00 PM</date><title>want to sleep?</title><description>Want to sleep? dont move here! THIN WALLS! Falling apart. Shaddy materials and workmanship. Foundation a seroious promblem. TERRIBLE MANAGER! SHE SIT ON HER THRONE AND THAT'S ALL SHE DOES.</description><link>http://www.apartmentratings.com/rate/TX-Allen-Settlers-Gate-Apartments-404609.html</link><recommended>False</recommended></rating><rating><date>1/25/2006 9:34:00 AM</date><title>Puzzled</title><description>I am a new resident here so I may not be the most knowledgable person to speak about the the complex, but I know that when I first applied to live here I was extrememly nervous. You could tell that no one on the staff was wanting to be there.</description><link>http://www.apartmentratings.com/rate/TX-Allen-Settlers-Gate-Apartments-404273.html</link><recommended>True</recommended></rating><rating><date>1/20/2006 10:17:00 PM</date><title>Great Property Terrible Management</title><description>I lived here for three years and can say that things have certainly changed. Here are the pros and cons. You decide if it's worth the move or not.

PROS:
The one bedrooms are cozy w/oversized windows in living and bedroom. Good size kitchen with built in computer desk. Nice size storage.

Maintenance</description><link>http://www.apartmentratings.com/rate/TX-Allen-Settlers-Gate-Apartments-402861.html</link><recommended>False</recommended></rating><rating><date>1/18/2006 11:47:00 PM</date><title>not too bad but bad managment and little overpriced</title><description>I have been living here for the last one year and seen the management change a few times. The present management is rude and do not even entertain simple requests as renewing our lease. We have always paid our rent on time so that was not a problem but had</description><link>http://www.apartmentratings.com/rate/TX-Allen-Settlers-Gate-Apartments-402127.html</link><recommended>True</recommended></rating><rating><date>1/18/2006 10:00:00 PM</date><title>Its OK</title><description>The only problem I have with the apartments is that the gates are always broken, and the gate opener hardley ever works. Never really had to deal with the management crew unless I am picking up packages, but they seem fairly nice</description><link>http://www.apartmentratings.com/rate/TX-Allen-Settlers-Gate-Apartments-402105.html</link><recommended>True</recommended></rating><rating><date>12/15/2005 5:13:00 PM</date><title>WHAT A JOKE!!!  PLEASE DO NOT MOVE HERE!!</title><description>I have been living here for almost 10 months and the management has changed 3 times, there are incompetant, and never want to help!! We had a problem with our heater and they told US to clean it out!!! As if we have a 6 foot ladder in our closet</description><link>http://www.apartmentratings.com/rate/TX-Allen-Settlers-Gate-Apartments-392592.html</link><recommended>False</recommended></rating><rating><date>12/10/2005 1:09:00 PM</date><title>Just a place to live...</title><description>I have lived here for 2 years now and wouldn't think of moving, it's close to work.The old Management company was alright with the exception of waiting on microwave parts!! The new one seems to have it's quirks but i haven't run into any problems yet.The office has a cute</description><link>http://www.apartmentratings.com/rate/TX-Allen-Settlers-Gate-Apartments-391204.html</link><recommended>True</recommended></rating><rating><date>11/30/2005 7:36:00 PM</date><title>Wow!  What a mess....so glad I've left this property.</title><description>I lived there for 3 1/2 years. The other mgt company was better than who is there now. BIG warning for pet ownersI found out the hard way - if you own a pet, be prepared to fork over money for new carpet for ANY stains. They will claim that</description><link>http://www.apartmentratings.com/rate/TX-Allen-Settlers-Gate-Apartments-388565.html</link><recommended>False</recommended></rating><rating><date>11/22/2005 3:39:00 AM</date><title>This place sucks something fierce.</title><description>This place is terrible, and I've seen it decline further since the new management company has been around. New paint, trees, etc doesn't matter if you can't get the service you deserve and gates that never function. After being here since 2003, rent has increased time after time, not sure</description><link>http://www.apartmentratings.com/rate/TX-Allen-Settlers-Gate-Apartments-386424.html</link><recommended>False</recommended></rating><rating><date>10/28/2005 12:00:00 AM</date><title>very pleased</title><description>I've lived here for 2 yrs. and been very pleased with the apt., the management, the maintenance, and the facilities (including upkeep and improvements.) 

I've never had a problem that wasn't resolved quickly and I appreciate the professional attitude of the staff.

They've also continued to update and improve the buildings</description><link>http://www.apartmentratings.com/rate/TX-Allen-Settlers-Gate-Apartments-379541.html</link><recommended>True</recommended></rating><rating><date>10/14/2005 12:43:00 PM</date><title>Enjoyable experience</title><description>My lease ended 8/31/05. I was only moving because I decided to build a house. When I found out my house was not ready, I had to call the office &amp; ask for more time. They stated that my apartment had already been leased, but to give them some time</description><link>http://www.apartmentratings.com/rate/TX-Allen-Settlers-Gate-Apartments-375724.html</link><recommended>True</recommended></rating><rating><date>9/22/2005 2:03:00 PM</date><title>Nightmare</title><description>These are the rudest people managing this complex, I've ever encountered.

The staff tried once to force themselves into my apt and take my tv, because my check for rent was lost at their office and they thought I didn't pay it. This after only 2 days late.

This is only one</description><link>http://www.apartmentratings.com/rate/TX-Allen-Settlers-Gate-Apartments-369197.html</link><recommended>False</recommended></rating><rating><date>9/22/2005 9:31:00 AM</date><title>rude</title><description>I have never been to an apartment complex where the manager is so rude. The person who leased us the apartment was very nice. When I went in to pick up the keys I saw the manager walk by me, she had a scowl on her face and did not</description><link>http://www.apartmentratings.com/rate/TX-Allen-Settlers-Gate-Apartments-369123.html</link><recommended>False</recommended></rating><rating><date>8/23/2005 6:29:00 PM</date><title>Awful experience</title><description>We moved to Settlers Gate after selling our home. We were in the process of building a new home and needed somewhere to stay in transition for approximately 4 to 5 months. At first we were impressed and it seemed everyone was very nice and ready to assist. As we</description><link>http://www.apartmentratings.com/rate/TX-Allen-Settlers-Gate-Apartments-360327.html</link><recommended>False</recommended></rating><rating><date>8/23/2005 6:24:00 PM</date><title>criminals posing as managers.....</title><description>We recently lived at Settlers Gate for 18 months. Then, we bought a house. They told us we could be out a month early on our lease, then we changed our mind and wanted to stay the last month to finish out lease out and we were told that it</description><link>http://www.apartmentratings.com/rate/TX-Allen-Settlers-Gate-Apartments-360325.html</link><recommended>False</recommended></rating><rating><date>8/21/2005 12:29:00 PM</date><title>Rent is too high for what you get.</title><description>In one word, poor management.</description><link>http://www.apartmentratings.com/rate/TX-Allen-Settlers-Gate-Apartments-359432.html</link><recommended>False</recommended></rating><rating><date>8/3/2005 4:59:00 PM</date><title>You can probably do better</title><description>I lived in this community for a little over a year, and it was remarkably ok. The biggest problems I encountered were the amount of dog crap on the grounds and the horrible management. The place absolutely reaked of dog crap when the wind blew the right way. The management</description><link>http://www.apartmentratings.com/rate/TX-Allen-Settlers-Gate-Apartments-353074.html</link><recommended>False</recommended></rating><rating><date>6/22/2005 2:08:00 AM</date><title>Same Old Same old</title><description>Looks like old habits die hard. Too bad after all this time, management still cannot get it right. Why dont you try learning something from your surrounding competiton and then you might be on the right track. Pull it outta your butt and put it back on your shoulders!</description><link>http://www.apartmentratings.com/rate/TX-Allen-Settlers-Gate-Apartments-338436.html</link><recommended>False</recommended></rating><rating><date>6/21/2005 12:32:00 PM</date><title>new management blows!!!</title><description>New management is a joke. Only concerned about filing the place up. I feel sorry for the people in maintenance.</description><link>http://www.apartmentratings.com/rate/TX-Allen-Settlers-Gate-Apartments-338181.html</link><recommended>False</recommended></rating></aptratings></property>