﻿<?xml version="1.0" encoding="utf-8"?><property><overview><propertyID>76237</propertyID><email>auberry@westwood-apartments.com</email><name>Auberry at Twin Creeks</name><streetAddress>705 Bray Central Dr</streetAddress><city>Allen</city><state>TX</state><zip>75002</zip><phone>9727471300</phone><fax>9727471301</fax><url>http://www.auberryattwincreeks.com</url><officeHours>Mon-Fri 9-6; Sat 10-5; Sun 1-5</officeHours><area>Allen</area><metro>DFW</metro><county>Collin</county><yearBuilt>2005</yearBuilt><yearRenovated>0</yearRenovated><numUnits>216</numUnits><leaseTermMin>7</leaseTermMin><appFee>45</appFee><nonRefundableFee>125</nonRefundableFee><geocode>33.10663,-96.67764</geocode></overview><compensation><notes /><package><term>7</term><accompanied>75</accompanied><sent>75</sent><bonus>0</bonus></package><package><term>13</term><accompanied>100</accompanied><sent>100</sent><bonus>0</bonus></package></compensation><management><name>Westwood</name><onsiteManager>Codi Damjanic</onsiteManager></management><policy><incomeRestriction>False</incomeRestriction><section8>False</section8><studentHousing>False</studentHousing><seniorHousing>False</seniorHousing><corporateHousing>False</corporateHousing><creditCheck>True</creditCheck><coSigners>True</coSigners><acceptBrokenLeases>True</acceptBrokenLeases><acceptFelons>False</acceptFelons><acceptMisdemeanors>False</acceptMisdemeanors><firstTimeRenters>True</firstTimeRenters><registrationMethod>FAX</registrationMethod><seniorDiscount>False</seniorDiscount><allBillsPaid>False</allBillsPaid><electricPaid>False</electricPaid><gasPaid>False</gasPaid><cablePaid>False</cablePaid><trashPaid>False</trashPaid><pestControlpaid>False</pestControlpaid><specials /><paymentInDays>30</paymentInDays><sixMonthLeasePremium>%</sixMonthLeasePremium><registrationMethod>FAX</registrationMethod></policy><unitoptions><bayWindows>False</bayWindows><berberCarpet>False</berberCarpet><ceilingFans>True</ceilingFans><ceramicTile>True</ceramicTile><dishwasher>True</dishwasher><bar>False</bar><furnished>False</furnished><woodFloor>False</woodFloor><gardenTubs>True</gardenTubs><laminateFloor>False</laminateFloor><alarmSystem>True</alarmSystem><microwave>False</microwave><outsideStorage>True</outsideStorage><pantry>False</pantry><patio>True</patio><walkinCloset>True</walkinCloset><stainedConcreteFloor>False</stainedConcreteFloor></unitoptions><amenities><emergencyMaint>True</emergencyMaint><accessGates>True</accessGates><basketball>True</basketball><golf>False</golf><tennis>True</tennis><swimmingPool>True</swimmingPool><racquetball>False</racquetball><volleyball>False</volleyball><joggingTrail>False</joggingTrail><picnicArea>True</picnicArea><billiardRoom>True</billiardRoom><businessCenter>True</businessCenter><cinemaRoom>False</cinemaRoom><clubhouse>True</clubhouse><conferenceRoom>True</conferenceRoom><elevators>False</elevators><fencedYards>False</fencedYards><fitnessCenter>True</fitnessCenter><handicapModified>False</handicapModified><hotTubSpaJacuzzi>True</hotTubSpaJacuzzi><laundryRooms>False</laundryRooms><perimeterFence>False</perimeterFence><playground>False</playground><schoolBusPickup>True</schoolBusPickup><shuttleRoute>False</shuttleRoute></amenities><photos><photo>http://www.smartlocating.com//photos/76237/standard/DSC_0300_FA2.jpg</photo><photo>http://www.smartlocating.com//photos/76237/standard/DSC_0301_08B.jpg</photo><photo>http://www.smartlocating.com//photos/76237/standard/DSC_0304_30F.jpg</photo><photo>http://www.smartlocating.com//photos/76237/standard/DSC_0305_2D1.jpg</photo><photo>http://www.smartlocating.com//photos/76237/standard/DSC_0306_A52.jpg</photo><photo>http://www.smartlocating.com//photos/76237/standard/DSC_0307_75A.jpg</photo><photo>http://www.smartlocating.com//photos/76237/standard/primary-DSC_0299_9C8.jpg</photo></photos><pet><allowed>True</allowed><depositMin>300.0000</depositMin><depositMax>500.0000</depositMax><feeMin>150.0000</feeMin><feeMax>250.0000</feeMax><extraRent>0.0000</extraRent><limit>NO_LIMIT</limit><weight>NO_LIMIT</weight><notes /><breedRestriction>False</breedRestriction><interview>False</interview></pet><floorplans lastUpdated="9/27/2008"><floorplan><floorplanID>175642</floorplanID><bed>1</bed><bath>1</bath><construct>Flat</construct><rent>750.0000</rent><deposit>250.0000</deposit><sqft>700</sqft><washerDryer>FULLSIZE_FURNISHED</washerDryer><garage>False</garage><fireplace>False</fireplace><denStudy>False</denStudy><sunroom>False</sunroom><available>10/17/2008 12:00:00 AM</available><photo>http://www.smartlocating.com//photos/76237/floorplans/175642.jpg</photo></floorplan><floorplan><floorplanID>175643</floorplanID><bed>1</bed><bath>1</bath><construct>Flat</construct><rent>695.0000</rent><deposit>250.0000</deposit><sqft>750</sqft><washerDryer>FULLSIZE_FURNISHED</washerDryer><garage>False</garage><fireplace>False</fireplace><denStudy>False</denStudy><sunroom>False</sunroom><available>12/16/2008 12:00:00 AM</available><photo>http://www.smartlocating.com//photos/76237/floorplans/175643.jpg</photo></floorplan><floorplan><floorplanID>175644</floorplanID><bed>1</bed><bath>1</bath><construct>Flat</construct><rent>765.0000</rent><deposit>250.0000</deposit><sqft>825</sqft><washerDryer>FULLSIZE_FURNISHED</washerDryer><garage>False</garage><fireplace>False</fireplace><denStudy>False</denStudy><sunroom>False</sunroom><available>10/17/2008 12:00:00 AM</available><photo>http://www.smartlocating.com//photos/76237/floorplans/175644.jpg</photo></floorplan><floorplan><floorplanID>175645</floorplanID><bed>2</bed><bath>1</bath><construct>Flat</construct><rent>955.0000</rent><deposit>300.0000</deposit><sqft>1000</sqft><washerDryer>FULLSIZE_FURNISHED</washerDryer><garage>False</garage><fireplace>False</fireplace><denStudy>False</denStudy><sunroom>False</sunroom><available>12/1/2008 12:00:00 AM</available><photo>http://www.smartlocating.com//photos/76237/floorplans/175645.jpg</photo></floorplan><floorplan><floorplanID>175646</floorplanID><bed>2</bed><bath>2</bath><construct>Flat</construct><rent>1065.0000</rent><deposit>300.0000</deposit><sqft>1150</sqft><washerDryer>FULLSIZE_FURNISHED</washerDryer><garage>False</garage><fireplace>False</fireplace><denStudy>False</denStudy><sunroom>False</sunroom><available>10/17/2008 12:00:00 AM</available><photo>http://www.smartlocating.com//photos/76237/floorplans/175646.jpg</photo></floorplan><floorplan><floorplanID>175647</floorplanID><bed>2</bed><bath>2</bath><construct>Flat</construct><rent>1095.0000</rent><deposit>300.0000</deposit><sqft>1225</sqft><washerDryer>FULLSIZE_FURNISHED</washerDryer><garage>False</garage><fireplace>False</fireplace><denStudy>False</denStudy><sunroom>False</sunroom><available>10/17/2008 12:00:00 AM</available><photo>http://www.smartlocating.com//photos/76237/floorplans/175647.jpg</photo></floorplan><floorplan><floorplanID>175648</floorplanID><bed>3</bed><bath>2</bath><construct>Flat</construct><rent>1325.0000</rent><deposit>350.0000</deposit><sqft>1350</sqft><washerDryer>FULLSIZE_FURNISHED</washerDryer><garage>False</garage><fireplace>False</fireplace><denStudy>False</denStudy><sunroom>False</sunroom><available>12/16/2008 12:00:00 AM</available><photo>http://www.smartlocating.com//photos/76237/floorplans/175648.jpg</photo></floorplan></floorplans><parking><reserved>False</reserved><covered>True</covered><garage>False</garage><detached>True</detached></parking><school><district>Allen</district><elementary>Dr E T Boon</elementary><middle>Ereckson</middle><high>Allen</high></school><aptratings><rating><date>2/13/2008 8:37:00 PM</date><title>By far the best in Allen</title><description>I have looked at all the apartments in Allen and this complex is definitely a cut above the rest. The staff alone were one of the biggest selling points for me. Very warm and friendly - made me feel like I was at home. Others I toured acted as if</description><link>http://www.apartmentratings.com/rate/TX-Allen-Auberry-at-Twin-Creeks-732146.html</link><recommended>True</recommended></rating><rating><date>2/7/2008 6:49:00 PM</date><title>Wonderful</title><description>I have lived at Auberry for a total of 1 and a half years and it is such a wonderful place. The rents are surprisingly low considering they are only two years old. Layouts are really nice. You don't feel like your living in a box. Staff is very friendly</description><link>http://www.apartmentratings.com/rate/TX-Allen-Auberry-at-Twin-Creeks-729556.html</link><recommended>True</recommended></rating><rating><date>2/6/2008 8:09:00 PM</date><title>Darkness</title><description>It can be high noon and IT'S STILL DARK HERE!This used to be a nice place to live with kids. Now, it's gone down hill. We feel like we have to constantly be looking out our windows to make sure no one is breaking into our vehicles or selling our</description><link>http://www.apartmentratings.com/rate/TX-Allen-Auberry-at-Twin-Creeks-729038.html</link><recommended>False</recommended></rating><rating><date>1/10/2008 10:50:00 AM</date><title>Overall nice place to live</title><description>I have lived here for 8 months and have had no major problems. The location is wonderful and the apartments are very nice. The rent is expensive but I feel that it is worth the price for the safe feeling the complex provides. My only complaint is that maintenance needs</description><link>http://www.apartmentratings.com/rate/TX-Allen-Auberry-at-Twin-Creeks-716959.html</link><recommended>True</recommended></rating><rating><date>1/8/2008 7:06:00 PM</date><title>Nice place to live</title><description>We lived in this apartment for one year (Jan-Dec 2007). We moved out only because we bought a new house. When the ownership changed in mid-year all around quality suffered a bit. However the new management and maintenance staff became very responsive in no time. We enjoyed our unit. One</description><link>http://www.apartmentratings.com/rate/TX-Allen-Auberry-at-Twin-Creeks-716262.html</link><recommended>True</recommended></rating><rating><date>8/17/2007 11:56:00 PM</date><title>Auberry at Twin Creeks</title><description>We have lived at Auberry at Twin Creeks a short time now. The apartments are only a couple of years old. But the place is a little unkept. For example, the workout room stinks the machines are rusty and there are dead bugs in an on the edges of the</description><link>http://www.apartmentratings.com/rate/TX-Allen-Auberry-at-Twin-Creeks-663613.html</link><recommended>False</recommended></rating><rating><date>6/9/2007 10:39:00 AM</date><title>Can we get on one track and stay with it!</title><description>My wife and I moved in last summer and were very pleased, at First!. Now we are under new managment and if its not one thing its another. Since the new managment has came in the switched water companies that are now charging for our trash, the other was not,</description><link>http://www.apartmentratings.com/rate/TX-Allen-Auberry-at-Twin-Creeks-632151.html</link><recommended>False</recommended></rating><rating><date>5/5/2007 11:28:00 AM</date><title>i am renewing</title><description>I have lived here since Dec 2005. Moved in b/c of the amenities, clean property, and they have big kitchens and I like to cook. New management took over about 2 months ago. Only one staff memeber stayed and held it together through the change. The property's starbucks got taken</description><link>http://www.apartmentratings.com/rate/TX-Allen-Auberry-at-Twin-Creeks-618453.html</link><recommended>True</recommended></rating><rating><date>4/12/2007 3:59:00 PM</date><title>Changes for the bad...</title><description>My husband and I have been living at Auberry since Summer "06", and I must say that we loved it at first. The staff was wonderful (both offcie and maintanence) I never had a maintanence problem that was not solved w/in a reasonable time.Now I wonder if we even have</description><link>http://www.apartmentratings.com/rate/TX-Allen-Auberry-at-Twin-Creeks-609221.html</link><recommended>False</recommended></rating><rating><date>3/28/2007 5:04:00 PM</date><title>Everything changed</title><description>This apartment complex has recently been sold to another owner. The entire complex is so different now both in appearance and professional staff. At least 20 or more resident families have suddenly decided not to renew their lease and move out during the month of March. Hopefully the new owners</description><link>http://www.apartmentratings.com/rate/TX-Allen-Auberry-at-Twin-Creeks-603515.html</link><recommended>False</recommended></rating><rating><date>1/16/2007 7:31:00 PM</date><title>Great place to live</title><description>Hi, 

Just wanted to leave a few comments about the quality of this apartment complex. I'm a starting forward for the Dallas Burn and basically I just wanted to say that this apt. complex is absolutely amazing. When I went in to lease everything went smooth and the staff was</description><link>http://www.apartmentratings.com/rate/TX-Allen-Auberry-at-Twin-Creeks-573594.html</link><recommended>True</recommended></rating><rating><date>12/23/2006 12:11:00 AM</date><title>GREAT apartments! The best in Allen/Plano/Frisco area!!!!</title><description>I have lived at these apartments for 6 months and I don't have even one single complaint (and I'm a seasoned renter and have seen it all). The staff is wonderful and polite. The location is beautiful and quite. I haven't ever heard any noises from any of our neighbors</description><link>http://www.apartmentratings.com/rate/TX-Allen-Auberry-at-Twin-Creeks-564953.html</link><recommended>True</recommended></rating><rating><date>11/29/2006 6:06:00 PM</date><title>I will miss my apartment</title><description>I am moving out state at the end of this month and I have to say I am really going to miss living here. I recommend Auberry to anyone who enjoys beautiful and clean environment. The staff is really nice and the maintenance stay on top of there stuff. You</description><link>http://www.apartmentratings.com/rate/TX-Allen-Auberry-at-Twin-Creeks-556575.html</link><recommended>True</recommended></rating><rating><date>11/3/2006 12:09:00 AM</date><title>Great staff</title><description>My husband and I just moved into Auberry four months ago. Whoever owns these apartments knows how to hire professional staff! Finally. They are always smiling and you can tell they love their job. I went in to use their gift wrapping center, and one of the young ladies, (the</description><link>http://www.apartmentratings.com/rate/TX-Allen-Auberry-at-Twin-Creeks-548392.html</link><recommended>True</recommended></rating><rating><date>10/21/2006 7:45:00 PM</date><title>you will love it</title><description>I must say, compared to my past experience with apartments, this one has been my best experience. The staff is friendly, informative, and they actually listen to my complaints. The grounds are beutiful, never any trash around. Maintence men are polite and get the job done fast. Parking is ok,</description><link>http://www.apartmentratings.com/rate/TX-Allen-Auberry-at-Twin-Creeks-544250.html</link><recommended>True</recommended></rating><rating><date>10/10/2006 4:33:00 PM</date><title>Above the rest at least</title><description>These are some very nice apartments. They are a little overpriced. With the move-in specials the cost is fairly reasonable, but after the first lease there are no real renewal specials. I will probably be moving out at the end of my lease. Compared to my boyfriend's apt in Mckinney,</description><link>http://www.apartmentratings.com/rate/TX-Allen-Auberry-at-Twin-Creeks-540363.html</link><recommended>True</recommended></rating><rating><date>9/28/2006 1:32:00 PM</date><title>can a current resident email me?</title><description>I have some questions and would like to talk to a current resident. Can someone email me at ethanusa@gmail.com? Thanks!</description><link>http://www.apartmentratings.com/rate/TX-Allen-Auberry-at-Twin-Creeks-535913.html</link><recommended>True</recommended></rating><rating><date>9/24/2006 11:15:00 PM</date><title>Enjoyed living here</title><description>Lived here for 14 months and have enjoyed it. Staff is very friendly and responsive. Love the pool area. Lots of kids starting to move it and I live close to the pool so it's a bit loud but other than that, it's been wonderful. Beautiful interiors.</description><link>http://www.apartmentratings.com/rate/TX-Allen-Auberry-at-Twin-Creeks-534540.html</link><recommended>True</recommended></rating><rating><date>9/22/2006 5:51:00 PM</date><title>GREAT PLACE!</title><description>I moved in Memorial Day weekend and so far my overall experience has been good. The ladies in the office are always pleasant. I never really had to deal with the maintenance staff but they seem pretty friendly too. My thing is, I get off late from work and have</description><link>http://www.apartmentratings.com/rate/TX-Allen-Auberry-at-Twin-Creeks-533972.html</link><recommended>True</recommended></rating><rating><date>9/13/2006 9:52:00 AM</date><title>above the rest-YES!</title><description>My job occupation requires me to relocate often. I have lived in several apartments and I have to say these are one of the best. I really like the staff &amp; maintanace is quick to respond to my request. I would strongly recomend these apartments to everyone. As far as</description><link>http://www.apartmentratings.com/rate/TX-Allen-Auberry-at-Twin-Creeks-530429.html</link><recommended>True</recommended></rating><rating><date>9/12/2006 7:41:00 PM</date><title>i like it here</title><description>nice quiet place, great view of trees, friendly staff, and many great resident functions like saturday morning brunches and vendor days. i would reccommend living here.</description><link>http://www.apartmentratings.com/rate/TX-Allen-Auberry-at-Twin-Creeks-530270.html</link><recommended>True</recommended></rating><rating><date>8/22/2006 4:02:00 PM</date><title>I LOVE living here</title><description>I really love living here! I have been apartment living for almost 5 years and have never experienced a more beautiful apartment. I chose Auberry because of the upgrades in my home aswell as the upgrades in the community. Auberry stands out from the rest in the Allen area, beginning</description><link>http://www.apartmentratings.com/rate/TX-Allen-Auberry-at-Twin-Creeks-521914.html</link><recommended>True</recommended></rating><rating><date>8/21/2006 4:16:00 PM</date><title>Not worth the money.</title><description>I am a new resident here at Auberry and I have come to realize that this place is not worth the money. Yes they have the nice carpet and the black appliances and nice countertops, but the walls and ceilings are very thin. I do have to agree withg one</description><link>http://www.apartmentratings.com/rate/TX-Allen-Auberry-at-Twin-Creeks-521422.html</link><recommended>False</recommended></rating><rating><date>8/19/2006 7:56:00 PM</date><title>Awesome!</title><description>Move here, you will not regret it. My apartment feels like a custom home. Lots of upgrades and and the staff is awesome.</description><link>http://www.apartmentratings.com/rate/TX-Allen-Auberry-at-Twin-Creeks-520810.html</link><recommended>True</recommended></rating><rating><date>8/18/2006 10:50:00 AM</date><title>Parking</title><description>IT SUCKS I HAVE TO PARK IN FIRE LANES OR WALK 4 BUILDINGS TO GET HOME</description><link>http://www.apartmentratings.com/rate/TX-Allen-Auberry-at-Twin-Creeks-520174.html</link><recommended>False</recommended></rating><rating><date>6/14/2006 12:24:00 AM</date><title>Great Place to Live</title><description>Aubery is new and the apartments are beautiful but what is great about this community is the staff. They seem to be well organized and friendly. The activities they offer for the residents say alot about how the Management/Owner cares. It's not all about the budget. The grounds are immaculate</description><link>http://www.apartmentratings.com/rate/TX-Allen-Auberry-at-Twin-Creeks-467987.html</link><recommended>True</recommended></rating><rating><date>4/21/2006 5:46:00 PM</date><title>great experience...</title><description>I moved here from another city not really knowing anyone and I have never felt so welcomed. The girls in the office have been great!</description><link>http://www.apartmentratings.com/rate/TX-Allen-Auberry-at-Twin-Creeks-442108.html</link><recommended>True</recommended></rating><rating><date>3/1/2006 11:26:00 AM</date><title>DONT MOVE HERE!!!!!</title><description>I wrote the comment "Just moved and in" and I am completeley regreting moving here!!! These people do NOT make this place feel like home! They constantly messed us around at first but we took it because the features outweighed the mistakes. But know I can see how poor this</description><link>http://www.apartmentratings.com/rate/TX-Allen-Auberry-at-Twin-Creeks-417607.html</link><recommended>False</recommended></rating></aptratings></property>