﻿<?xml version="1.0" encoding="utf-8"?><property><overview><propertyID>76397</propertyID><email>hiddencreek@lbkmgmt.com</email><name>Hidden Creek</name><streetAddress>300 Waters Road</streetAddress><city>Allen</city><state>TX</state><zip>75013</zip><phone>2145478899</phone><fax>2145478328</fax><url>http://www.apartmentsathiddencreek.com</url><officeHours>M &amp; F: 9-6; Tu-Th: 9-7; Sat 10-6;  Sun 12-5</officeHours><area>Allen</area><metro>DFW</metro><county>Collin</county><yearBuilt>2006</yearBuilt><yearRenovated>0</yearRenovated><numUnits>244</numUnits><leaseTermMin>3</leaseTermMin><appFee>50</appFee><nonRefundableFee>100</nonRefundableFee><geocode>33.1298,-96.6762</geocode></overview><compensation><notes /><package><term>3</term><accompanied>25</accompanied><sent>25</sent><bonus>0</bonus></package><package><term>6</term><accompanied>50</accompanied><sent>50</sent><bonus>0</bonus></package><package><term>12</term><accompanied>100</accompanied><sent>100</sent><bonus>0</bonus></package></compensation><management><name>LBK Management</name><onsiteManager>Jena Luongo</onsiteManager></management><policy><incomeRestriction>False</incomeRestriction><section8>False</section8><studentHousing>False</studentHousing><seniorHousing>False</seniorHousing><corporateHousing>True</corporateHousing><creditCheck>True</creditCheck><coSigners>True</coSigners><acceptBrokenLeases>False</acceptBrokenLeases><acceptFelons>False</acceptFelons><acceptMisdemeanors>False</acceptMisdemeanors><firstTimeRenters>False</firstTimeRenters><registrationMethod>NOT_NEEDED</registrationMethod><seniorDiscount>False</seniorDiscount><allBillsPaid>False</allBillsPaid><electricPaid>False</electricPaid><gasPaid>False</gasPaid><cablePaid>False</cablePaid><trashPaid>False</trashPaid><pestControlpaid>False</pestControlpaid><specials /><paymentInDays>30</paymentInDays><sixMonthLeasePremium>%</sixMonthLeasePremium><registrationMethod>NOT_NEEDED</registrationMethod></policy><unitoptions><bayWindows>False</bayWindows><berberCarpet>False</berberCarpet><ceilingFans>True</ceilingFans><ceramicTile>True</ceramicTile><dishwasher>True</dishwasher><bar>False</bar><furnished>False</furnished><woodFloor>False</woodFloor><gardenTubs>True</gardenTubs><laminateFloor>False</laminateFloor><alarmSystem>True</alarmSystem><microwave>True</microwave><outsideStorage>True</outsideStorage><pantry>False</pantry><patio>True</patio><walkinCloset>True</walkinCloset><stainedConcreteFloor>False</stainedConcreteFloor></unitoptions><amenities><emergencyMaint>False</emergencyMaint><accessGates>True</accessGates><basketball>False</basketball><golf>False</golf><tennis>False</tennis><swimmingPool>True</swimmingPool><racquetball>False</racquetball><volleyball>False</volleyball><joggingTrail>False</joggingTrail><picnicArea>False</picnicArea><billiardRoom>True</billiardRoom><businessCenter>True</businessCenter><cinemaRoom>False</cinemaRoom><clubhouse>True</clubhouse><conferenceRoom>False</conferenceRoom><elevators>False</elevators><fencedYards>False</fencedYards><fitnessCenter>False</fitnessCenter><handicapModified>False</handicapModified><hotTubSpaJacuzzi>True</hotTubSpaJacuzzi><laundryRooms>False</laundryRooms><perimeterFence>False</perimeterFence><playground>False</playground><schoolBusPickup>False</schoolBusPickup><shuttleRoute>False</shuttleRoute></amenities><photos><photo>http://www.smartlocating.com//photos/76397/standard/DSC_0106_9F4.jpg</photo><photo>http://www.smartlocating.com//photos/76397/standard/DSC_0107_8F7.jpg</photo><photo>http://www.smartlocating.com//photos/76397/standard/DSC_0109_7D1.jpg</photo><photo>http://www.smartlocating.com//photos/76397/standard/DSC_0110_B89.jpg</photo><photo>http://www.smartlocating.com//photos/76397/standard/DSC_0111_438.jpg</photo><photo>http://www.smartlocating.com//photos/76397/standard/DSC_0112_2ED.jpg</photo><photo>http://www.smartlocating.com//photos/76397/standard/DSC_0113_6E8.jpg</photo><photo>http://www.smartlocating.com//photos/76397/standard/DSC_0114_B48.jpg</photo><photo>http://www.smartlocating.com//photos/76397/standard/DSC_0115_E01.jpg</photo><photo>http://www.smartlocating.com//photos/76397/standard/DSC_0116_E34.jpg</photo><photo>http://www.smartlocating.com//photos/76397/standard/DSC_0117_0F8.jpg</photo><photo>http://www.smartlocating.com//photos/76397/standard/DSC_0118_829.jpg</photo><photo>http://www.smartlocating.com//photos/76397/standard/DSC_0119_924.jpg</photo><photo>http://www.smartlocating.com//photos/76397/standard/primary-DSC_0105_846.jpg</photo></photos><pet><allowed>True</allowed><depositMin>300.0000</depositMin><depositMax>500.0000</depositMax><feeMin>150.0000</feeMin><feeMax>250.0000</feeMax><extraRent>15.0000</extraRent><limit>NO_LIMIT</limit><weight>NO_LIMIT</weight><notes>under 50 lbs: $300 Deposit
over 50 lbs: $500 Deposit
1/2 NR

no aggressive breeds</notes><breedRestriction>True</breedRestriction><interview>False</interview></pet><floorplans lastUpdated="9/27/2008"><floorplan><floorplanID>176923</floorplanID><bed>1</bed><bath>1</bath><construct>Flat</construct><rent>775.0000</rent><deposit>100.0000</deposit><sqft>676</sqft><washerDryer>FULLSIZE_FURNISHED</washerDryer><garage>False</garage><fireplace>False</fireplace><denStudy>False</denStudy><sunroom>False</sunroom><available>10/24/2008 12:00:00 AM</available><photo>http://www.smartlocating.com//photos/76397/floorplans/176923.gif</photo></floorplan><floorplan><floorplanID>176924</floorplanID><bed>1</bed><bath>1</bath><construct>Flat</construct><rent>875.0000</rent><deposit>100.0000</deposit><sqft>727</sqft><washerDryer>FULLSIZE_FURNISHED</washerDryer><garage>False</garage><fireplace>False</fireplace><denStudy>False</denStudy><sunroom>False</sunroom><available>10/24/2008 12:00:00 AM</available><photo>http://www.smartlocating.com//photos/76397/floorplans/176924.gif</photo></floorplan><floorplan><floorplanID>176925</floorplanID><bed>1</bed><bath>1</bath><construct>Flat</construct><rent>895.0000</rent><deposit>100.0000</deposit><sqft>820</sqft><washerDryer>FULLSIZE_FURNISHED</washerDryer><garage>False</garage><fireplace>False</fireplace><denStudy>False</denStudy><sunroom>False</sunroom><available>11/23/2008 12:00:00 AM</available><photo>http://www.smartlocating.com//photos/76397/floorplans/176925.gif</photo></floorplan><floorplan><floorplanID>178888</floorplanID><bed>2</bed><bath>1.5</bath><construct>Townhome</construct><rent>1140.0000</rent><deposit>200.0000</deposit><sqft>925</sqft><washerDryer>FULLSIZE_FURNISHED</washerDryer><garage>False</garage><fireplace>False</fireplace><denStudy>False</denStudy><sunroom>False</sunroom><available>11/23/2008 12:00:00 AM</available><photo>http://www.smartlocating.com//photos/76397/floorplans/178888.gif</photo></floorplan><floorplan><floorplanID>176926</floorplanID><bed>2</bed><bath>1.5</bath><construct>Flat</construct><rent>1020.0000</rent><deposit>200.0000</deposit><sqft>970</sqft><washerDryer>FULLSIZE_FURNISHED</washerDryer><garage>True</garage><fireplace>False</fireplace><denStudy>False</denStudy><sunroom>False</sunroom><available>11/23/2008 12:00:00 AM</available><photo>http://www.smartlocating.com//photos/76397/floorplans/176926.gif</photo></floorplan><floorplan><floorplanID>176928</floorplanID><bed>2</bed><bath>2</bath><construct>Flat</construct><rent>1125.0000</rent><deposit>200.0000</deposit><sqft>1152</sqft><washerDryer>FULLSIZE_FURNISHED</washerDryer><garage>False</garage><fireplace>False</fireplace><denStudy>False</denStudy><sunroom>False</sunroom><available>10/24/2008 12:00:00 AM</available><photo>http://www.smartlocating.com//photos/76397/floorplans/176928.gif</photo></floorplan><floorplan><floorplanID>176929</floorplanID><bed>2</bed><bath>2</bath><construct>Flat</construct><rent>1315.0000</rent><deposit>200.0000</deposit><sqft>1152</sqft><washerDryer>FULLSIZE_FURNISHED</washerDryer><garage>True</garage><fireplace>False</fireplace><denStudy>False</denStudy><sunroom>False</sunroom><available>10/24/2008 12:00:00 AM</available><photo>http://www.smartlocating.com//photos/76397/floorplans/176929.gif</photo></floorplan><floorplan><floorplanID>176930</floorplanID><bed>2</bed><bath>2</bath><construct>Flat</construct><rent>1390.0000</rent><deposit>200.0000</deposit><sqft>1252</sqft><washerDryer>FULLSIZE_FURNISHED</washerDryer><garage>False</garage><fireplace>False</fireplace><denStudy>False</denStudy><sunroom>False</sunroom><available>10/24/2008 12:00:00 AM</available><photo>http://www.smartlocating.com//photos/76397/floorplans/176930.gif</photo></floorplan><floorplan><floorplanID>176931</floorplanID><bed>3</bed><bath>2</bath><construct>Flat</construct><rent>1525.0000</rent><deposit>300.0000</deposit><sqft>1390</sqft><washerDryer>FULLSIZE_FURNISHED</washerDryer><garage>True</garage><fireplace>False</fireplace><denStudy>False</denStudy><sunroom>False</sunroom><available>11/23/2008 12:00:00 AM</available><photo>http://www.smartlocating.com//photos/76397/floorplans/176931.gif</photo></floorplan></floorplans><parking><reserved>False</reserved><covered>True</covered><garage>False</garage><detached>True</detached></parking><school><district>Allen</district><elementary>Norton</elementary><middle>Ereckson</middle><high>Allen</high></school><aptratings /></property>