﻿<?xml version="1.0" encoding="utf-8"?><property><overview><propertyID>76623</propertyID><email>leasingallenstation@worthingse.com</email><name>Heights at Allen Station</name><streetAddress>505 Exchange Pkwy E</streetAddress><city>Allen</city><state>TX</state><zip>75002</zip><phone>2143835500</phone><fax>2143835501</fax><url>http://www.heightsallenstation.com</url><officeHours>Mon-Fri 9-6  Sat 10-6  Sun 1-5</officeHours><area>Allen</area><metro>DFW</metro><county /><yearBuilt>2007</yearBuilt><yearRenovated>0</yearRenovated><numUnits>348</numUnits><leaseTermMin>6</leaseTermMin><appFee>50</appFee><nonRefundableFee>150</nonRefundableFee><geocode>33.1172,-96.67433</geocode></overview><compensation><notes /><package><term>6</term><accompanied>50</accompanied><sent>50</sent><bonus>250</bonus></package><package><term>13</term><accompanied>50</accompanied><sent>50</sent><bonus>500</bonus></package></compensation><management><name>Worthing Companies</name><onsiteManager>Eric Flatery</onsiteManager></management><policy><incomeRestriction>False</incomeRestriction><section8>False</section8><studentHousing>False</studentHousing><seniorHousing>False</seniorHousing><corporateHousing>False</corporateHousing><creditCheck>True</creditCheck><coSigners>True</coSigners><acceptBrokenLeases>False</acceptBrokenLeases><acceptFelons>False</acceptFelons><acceptMisdemeanors>False</acceptMisdemeanors><firstTimeRenters>True</firstTimeRenters><registrationMethod>NOT_NEEDED</registrationMethod><seniorDiscount>False</seniorDiscount><allBillsPaid>False</allBillsPaid><electricPaid>False</electricPaid><gasPaid>False</gasPaid><cablePaid>False</cablePaid><trashPaid>False</trashPaid><pestControlpaid>False</pestControlpaid><specials /><paymentInDays>60</paymentInDays><sixMonthLeasePremium>0%</sixMonthLeasePremium><registrationMethod>NOT_NEEDED</registrationMethod></policy><unitoptions><bayWindows>False</bayWindows><berberCarpet>True</berberCarpet><ceilingFans>True</ceilingFans><ceramicTile>True</ceramicTile><dishwasher>True</dishwasher><bar>False</bar><furnished>False</furnished><woodFloor>False</woodFloor><gardenTubs>True</gardenTubs><laminateFloor>False</laminateFloor><alarmSystem>False</alarmSystem><microwave>True</microwave><outsideStorage>True</outsideStorage><pantry>True</pantry><patio>True</patio><walkinCloset>True</walkinCloset><stainedConcreteFloor>False</stainedConcreteFloor></unitoptions><amenities><emergencyMaint>True</emergencyMaint><accessGates>True</accessGates><basketball>False</basketball><golf>False</golf><tennis>False</tennis><swimmingPool>True</swimmingPool><racquetball>False</racquetball><volleyball>False</volleyball><joggingTrail>True</joggingTrail><picnicArea>True</picnicArea><billiardRoom>False</billiardRoom><businessCenter>True</businessCenter><cinemaRoom>True</cinemaRoom><clubhouse>True</clubhouse><conferenceRoom>True</conferenceRoom><elevators>False</elevators><fencedYards>False</fencedYards><fitnessCenter>True</fitnessCenter><handicapModified>True</handicapModified><hotTubSpaJacuzzi>False</hotTubSpaJacuzzi><laundryRooms>True</laundryRooms><perimeterFence>False</perimeterFence><playground>False</playground><schoolBusPickup>True</schoolBusPickup><shuttleRoute>False</shuttleRoute></amenities><photos><photo>http://www.smartlocating.com//photos/76623/standard/DSC_0120_D2E.jpg</photo><photo>http://www.smartlocating.com//photos/76623/standard/DSC_0121_659.jpg</photo><photo>http://www.smartlocating.com//photos/76623/standard/DSC_0122_B06.jpg</photo><photo>http://www.smartlocating.com//photos/76623/standard/DSC_0123_422.jpg</photo><photo>http://www.smartlocating.com//photos/76623/standard/DSC_0125_FC1.jpg</photo><photo>http://www.smartlocating.com//photos/76623/standard/DSC_0126_F73.jpg</photo><photo>http://www.smartlocating.com//photos/76623/standard/DSC_0127_717.jpg</photo><photo>http://www.smartlocating.com//photos/76623/standard/DSC_0128_8C7.jpg</photo><photo>http://www.smartlocating.com//photos/76623/standard/DSC_0129_FA6.jpg</photo><photo>http://www.smartlocating.com//photos/76623/standard/primary-DSC_0130_900.jpg</photo></photos><pet><allowed>True</allowed><depositMin>300.0000</depositMin><depositMax>600.0000</depositMax><feeMin>150.0000</feeMin><feeMax>300.0000</feeMax><extraRent>10.0000</extraRent><limit>2</limit><weight>75</weight><notes>0-25 lbs: $300
26-75 lbs: $600
1/2 NR
*Pet Interview may be required</notes><breedRestriction>True</breedRestriction><interview>True</interview></pet><floorplans lastUpdated="9/28/2008"><floorplan><floorplanID>179603</floorplanID><bed>1</bed><bath>1</bath><construct>Flat</construct><rent>825.0000</rent><deposit>300.0000</deposit><sqft>742</sqft><washerDryer>STACKABLE_FURNISHED</washerDryer><garage>False</garage><fireplace>False</fireplace><denStudy>False</denStudy><sunroom>False</sunroom><available>10/5/2008 12:00:00 AM</available><photo /></floorplan><floorplan><floorplanID>179604</floorplanID><bed>1</bed><bath>1</bath><construct>Flat</construct><rent>830.0000</rent><deposit>300.0000</deposit><sqft>844</sqft><washerDryer>STACKABLE_FURNISHED</washerDryer><garage>False</garage><fireplace>False</fireplace><denStudy>False</denStudy><sunroom>False</sunroom><available>10/5/2008 12:00:00 AM</available><photo>http://www.smartlocating.com//photos/76623/floorplans/179604.jpg</photo></floorplan><floorplan><floorplanID>179605</floorplanID><bed>1</bed><bath>1</bath><construct>Flat</construct><rent>895.0000</rent><deposit>300.0000</deposit><sqft>924</sqft><washerDryer>STACKABLE_FURNISHED</washerDryer><garage>False</garage><fireplace>False</fireplace><denStudy>False</denStudy><sunroom>False</sunroom><available>10/5/2008 12:00:00 AM</available><photo>http://www.smartlocating.com//photos/76623/floorplans/179605.jpg</photo></floorplan><floorplan><floorplanID>179606</floorplanID><bed>2</bed><bath>1</bath><construct>Flat</construct><rent>1010.0000</rent><deposit>300.0000</deposit><sqft>1052</sqft><washerDryer>FULLSIZE_FURNISHED</washerDryer><garage>False</garage><fireplace>False</fireplace><denStudy>False</denStudy><sunroom>False</sunroom><available>10/5/2008 12:00:00 AM</available><photo>http://www.smartlocating.com//photos/76623/floorplans/179606.jpg</photo></floorplan><floorplan><floorplanID>179607</floorplanID><bed>2</bed><bath>2</bath><construct>Flat</construct><rent>1100.0000</rent><deposit>300.0000</deposit><sqft>1187</sqft><washerDryer>FULLSIZE_FURNISHED</washerDryer><garage>False</garage><fireplace>False</fireplace><denStudy>False</denStudy><sunroom>False</sunroom><available>10/5/2008 12:00:00 AM</available><photo>http://www.smartlocating.com//photos/76623/floorplans/179607.jpg</photo></floorplan><floorplan><floorplanID>179608</floorplanID><bed>2</bed><bath>2</bath><construct>Flat</construct><rent>1185.0000</rent><deposit>300.0000</deposit><sqft>1244</sqft><washerDryer>FULLSIZE_FURNISHED</washerDryer><garage>False</garage><fireplace>False</fireplace><denStudy>False</denStudy><sunroom>False</sunroom><available>9/5/2008 12:00:00 AM</available><photo>http://www.smartlocating.com//photos/76623/floorplans/179608.jpg</photo></floorplan><floorplan><floorplanID>179609</floorplanID><bed>3</bed><bath>2</bath><construct>Flat</construct><rent>1380.0000</rent><deposit>300.0000</deposit><sqft>1405</sqft><washerDryer>FULLSIZE_FURNISHED</washerDryer><garage>False</garage><fireplace>False</fireplace><denStudy>False</denStudy><sunroom>False</sunroom><available>9/5/2008 12:00:00 AM</available><photo>http://www.smartlocating.com//photos/76623/floorplans/179609.jpg</photo></floorplan></floorplans><parking><reserved>True</reserved><covered>True</covered><garage>False</garage><detached>True</detached></parking><school><district>Allen</district><elementary>James And Margie Marion</elementary><middle>Ereckson</middle><high>Allen</high></school><aptratings><rating><date>12/30/2007 10:37:00 AM</date><title>ex-resident</title><description>The Apartments were a great price and the construction of the apartments were great, but the security was horrible. My apartment was broken into and my car was also broken into. The office seemed as if they didn't care and extra security after the incidents were not suggested. I was</description><link>http://www.apartmentratings.com/rate/TX-Houston-Champion-Townhomes-712503.html</link><recommended>False</recommended></rating></aptratings></property>