﻿<?xml version="1.0" encoding="utf-8"?><property><overview><propertyID>76663</propertyID><email>leasing1@parkviewinallen.com</email><name>Parkview In Allen</name><streetAddress>1450 S Greenville Ave</streetAddress><city>Allen</city><state>TX</state><zip>75002</zip><phone>2143832000</phone><fax>2143832001</fax><url>http://www.parkviewinallen.com</url><officeHours>Mon-Fri 8:30-5:30  Sat 10-5  Sun 1-5</officeHours><area>Allen</area><metro>DFW</metro><county /><yearBuilt>2005</yearBuilt><yearRenovated>0</yearRenovated><numUnits>195</numUnits><leaseTermMin>12</leaseTermMin><appFee>40</appFee><nonRefundableFee>50</nonRefundableFee><geocode>33.07685,-96.67957</geocode></overview><compensation><notes /><package><term>12</term><accompanied>50</accompanied><sent>50</sent><bonus>0</bonus></package></compensation><management><name>Pace Realty Corporation</name><onsiteManager>Mollie Nolen</onsiteManager></management><policy><incomeRestriction>False</incomeRestriction><section8>False</section8><studentHousing>False</studentHousing><seniorHousing>True</seniorHousing><corporateHousing>False</corporateHousing><creditCheck>True</creditCheck><coSigners>True</coSigners><acceptBrokenLeases>False</acceptBrokenLeases><acceptFelons>False</acceptFelons><acceptMisdemeanors>False</acceptMisdemeanors><firstTimeRenters>True</firstTimeRenters><registrationMethod>NOT_NEEDED</registrationMethod><seniorDiscount>False</seniorDiscount><allBillsPaid>False</allBillsPaid><electricPaid>False</electricPaid><gasPaid>False</gasPaid><cablePaid>False</cablePaid><trashPaid>False</trashPaid><pestControlpaid>False</pestControlpaid><specials /><paymentInDays>30</paymentInDays><sixMonthLeasePremium>0%</sixMonthLeasePremium><registrationMethod>NOT_NEEDED</registrationMethod></policy><unitoptions><bayWindows>False</bayWindows><berberCarpet>False</berberCarpet><ceilingFans>True</ceilingFans><ceramicTile>False</ceramicTile><dishwasher>True</dishwasher><bar>False</bar><furnished>False</furnished><woodFloor>False</woodFloor><gardenTubs>True</gardenTubs><laminateFloor>False</laminateFloor><alarmSystem>False</alarmSystem><microwave>True</microwave><outsideStorage>True</outsideStorage><pantry>True</pantry><patio>True</patio><walkinCloset>True</walkinCloset><stainedConcreteFloor>False</stainedConcreteFloor></unitoptions><amenities><emergencyMaint>True</emergencyMaint><accessGates>True</accessGates><basketball>False</basketball><golf>False</golf><tennis>False</tennis><swimmingPool>True</swimmingPool><racquetball>False</racquetball><volleyball>False</volleyball><joggingTrail>False</joggingTrail><picnicArea>False</picnicArea><billiardRoom>True</billiardRoom><businessCenter>True</businessCenter><cinemaRoom>True</cinemaRoom><clubhouse>True</clubhouse><conferenceRoom>False</conferenceRoom><elevators>True</elevators><fencedYards>False</fencedYards><fitnessCenter>True</fitnessCenter><handicapModified>True</handicapModified><hotTubSpaJacuzzi>True</hotTubSpaJacuzzi><laundryRooms>True</laundryRooms><perimeterFence>False</perimeterFence><playground>True</playground><schoolBusPickup>False</schoolBusPickup><shuttleRoute>False</shuttleRoute></amenities><photos><photo>http://www.smartlocating.com//photos/76663/standard/DSC_0092_5F9.jpg</photo><photo>http://www.smartlocating.com//photos/76663/standard/DSC_0093_E72.jpg</photo><photo>http://www.smartlocating.com//photos/76663/standard/DSC_0094_C48.jpg</photo><photo>http://www.smartlocating.com//photos/76663/standard/DSC_0095_F03.jpg</photo><photo>http://www.smartlocating.com//photos/76663/standard/DSC_0096_7A8.jpg</photo><photo>http://www.smartlocating.com//photos/76663/standard/DSC_0097_C69.jpg</photo><photo>http://www.smartlocating.com//photos/76663/standard/DSC_0098_1E0.jpg</photo><photo>http://www.smartlocating.com//photos/76663/standard/DSC_0099_08E.jpg</photo><photo>http://www.smartlocating.com//photos/76663/standard/primary-DSC_0091_0FA.jpg</photo></photos><pet><allowed>True</allowed><depositMin>300.0000</depositMin><depositMax>300.0000</depositMax><feeMin>150.0000</feeMin><feeMax>150.0000</feeMax><extraRent>0.0000</extraRent><limit>2</limit><weight>NO_LIMIT</weight><notes /><breedRestriction>True</breedRestriction><interview>False</interview></pet><floorplans lastUpdated="9/28/2008"><floorplan><floorplanID>179122</floorplanID><bed>1</bed><bath>1</bath><construct>Flat</construct><rent>775.0000</rent><deposit>100.0000</deposit><sqft>689</sqft><washerDryer>FULLSIZE_CONNECTIONS</washerDryer><garage>False</garage><fireplace>False</fireplace><denStudy>False</denStudy><sunroom>False</sunroom><available>10/26/2008 12:00:00 AM</available><photo>http://www.smartlocating.com//photos/76663/floorplans/179122.JPG</photo></floorplan><floorplan><floorplanID>179123</floorplanID><bed>1</bed><bath>1</bath><construct>Flat</construct><rent>850.0000</rent><deposit>100.0000</deposit><sqft>756</sqft><washerDryer>FULLSIZE_CONNECTIONS</washerDryer><garage>False</garage><fireplace>False</fireplace><denStudy>False</denStudy><sunroom>False</sunroom><available>10/26/2008 12:00:00 AM</available><photo>http://www.smartlocating.com//photos/76663/floorplans/179123.JPG</photo></floorplan><floorplan><floorplanID>179124</floorplanID><bed>1</bed><bath>1</bath><construct>Flat</construct><rent>835.0000</rent><deposit>100.0000</deposit><sqft>775</sqft><washerDryer>FULLSIZE_CONNECTIONS</washerDryer><garage>False</garage><fireplace>False</fireplace><denStudy>False</denStudy><sunroom>False</sunroom><available>9/11/2008 12:00:00 AM</available><photo>http://www.smartlocating.com//photos/76663/floorplans/179124.JPG</photo></floorplan><floorplan><floorplanID>179125</floorplanID><bed>2</bed><bath>2</bath><construct>Flat</construct><rent>1250.0000</rent><deposit>150.0000</deposit><sqft>1039</sqft><washerDryer>FULLSIZE_CONNECTIONS</washerDryer><garage>False</garage><fireplace>False</fireplace><denStudy>False</denStudy><sunroom>False</sunroom><available>9/11/2008 12:00:00 AM</available><photo>http://www.smartlocating.com//photos/76663/floorplans/179125.JPG</photo></floorplan><floorplan><floorplanID>179126</floorplanID><bed>2</bed><bath>2</bath><construct>Flat</construct><rent>1445.0000</rent><deposit>150.0000</deposit><sqft>1120</sqft><washerDryer>FULLSIZE_CONNECTIONS</washerDryer><garage>False</garage><fireplace>False</fireplace><denStudy>False</denStudy><sunroom>False</sunroom><available>9/11/2008 12:00:00 AM</available><photo>http://www.smartlocating.com//photos/76663/floorplans/179126.JPG</photo></floorplan></floorplans><parking><reserved>False</reserved><covered>True</covered><garage>False</garage><detached>True</detached></parking><school><district>Allen</district><elementary /><middle /><high /></school><aptratings /></property>