﻿<?xml version="1.0" encoding="utf-8"?><property><overview><propertyID>76988</propertyID><email>nicole.niller@southernland.com</email><name>Lofts At Watters Creek I</name><streetAddress>935 Garden Park Dr</streetAddress><city>Allen</city><state>TX</state><zip>75013</zip><phone>9723908300</phone><fax>9723908306</fax><url>http://www.loftsatwatterscreek.com</url><officeHours>Mon-Fri 9-6 Sat 10-5 Sun 12-6</officeHours><area>Allen</area><metro>DFW</metro><county /><yearBuilt>2008</yearBuilt><yearRenovated>0</yearRenovated><numUnits>49</numUnits><leaseTermMin>6</leaseTermMin><appFee>40</appFee><nonRefundableFee>150</nonRefundableFee><geocode>33.10015,-96.67449</geocode></overview><compensation><notes /><package><term>6</term><accompanied>50</accompanied><sent>50</sent><bonus>0</bonus></package></compensation><management><name>Southern Lands</name><onsiteManager>Ashley Nix</onsiteManager></management><policy><incomeRestriction>False</incomeRestriction><section8>False</section8><studentHousing>False</studentHousing><seniorHousing>False</seniorHousing><corporateHousing>False</corporateHousing><creditCheck>True</creditCheck><coSigners>True</coSigners><acceptBrokenLeases>False</acceptBrokenLeases><acceptFelons>False</acceptFelons><acceptMisdemeanors>False</acceptMisdemeanors><firstTimeRenters>True</firstTimeRenters><registrationMethod>EMAIL,PHONE</registrationMethod><seniorDiscount>False</seniorDiscount><allBillsPaid>False</allBillsPaid><electricPaid>False</electricPaid><gasPaid>False</gasPaid><cablePaid>False</cablePaid><trashPaid>False</trashPaid><pestControlpaid>False</pestControlpaid><specials>1 month free up front on levels 4 &amp; 5 only

Perferred Employer - 1/2 deposit &amp; Waived Application &amp; Administrative Fee</specials><paymentInDays /><sixMonthLeasePremium>%</sixMonthLeasePremium><registrationMethod>EMAIL,PHONE</registrationMethod></policy><unitoptions><bayWindows>False</bayWindows><berberCarpet>False</berberCarpet><ceilingFans>True</ceilingFans><ceramicTile>False</ceramicTile><dishwasher>True</dishwasher><bar>False</bar><furnished>False</furnished><woodFloor>True</woodFloor><gardenTubs>False</gardenTubs><laminateFloor>False</laminateFloor><alarmSystem>True</alarmSystem><microwave>True</microwave><outsideStorage>True</outsideStorage><pantry>True</pantry><patio>True</patio><walkinCloset>True</walkinCloset><stainedConcreteFloor>True</stainedConcreteFloor></unitoptions><amenities><emergencyMaint>True</emergencyMaint><accessGates>True</accessGates><basketball>False</basketball><golf>False</golf><tennis>False</tennis><swimmingPool>True</swimmingPool><racquetball>False</racquetball><volleyball>False</volleyball><joggingTrail>True</joggingTrail><picnicArea>True</picnicArea><billiardRoom>True</billiardRoom><businessCenter>True</businessCenter><cinemaRoom>True</cinemaRoom><clubhouse>True</clubhouse><conferenceRoom>False</conferenceRoom><elevators>True</elevators><fencedYards>False</fencedYards><fitnessCenter>True</fitnessCenter><handicapModified>True</handicapModified><hotTubSpaJacuzzi>True</hotTubSpaJacuzzi><laundryRooms>False</laundryRooms><perimeterFence>False</perimeterFence><playground>False</playground><schoolBusPickup>True</schoolBusPickup><shuttleRoute>False</shuttleRoute></amenities><photos /><pet><allowed>True</allowed><depositMin>500.0000</depositMin><depositMax>500.0000</depositMax><feeMin>200.0000</feeMin><feeMax>200.0000</feeMax><extraRent>10.0000</extraRent><limit>2</limit><weight>50</weight><notes /><breedRestriction>True</breedRestriction><interview>False</interview></pet><floorplans lastUpdated="9/27/2008"><floorplan><floorplanID>183541</floorplanID><bed>1</bed><bath>1</bath><construct>Loft</construct><rent>1510.0000</rent><deposit>200.0000</deposit><sqft>1065</sqft><washerDryer>FULLSIZE_FURNISHED</washerDryer><garage>False</garage><fireplace>False</fireplace><denStudy>False</denStudy><sunroom>False</sunroom><available>10/3/2008 12:00:00 AM</available><photo>http://www.smartlocating.com//photos/76988/floorplans/183541.jpg</photo></floorplan><floorplan><floorplanID>183542</floorplanID><bed>2</bed><bath>2</bath><construct>Loft</construct><rent>1746.0000</rent><deposit>300.0000</deposit><sqft>1231</sqft><washerDryer>FULLSIZE_FURNISHED</washerDryer><garage>False</garage><fireplace>False</fireplace><denStudy>False</denStudy><sunroom>False</sunroom><available>10/3/2008 12:00:00 AM</available><photo>http://www.smartlocating.com//photos/76988/floorplans/183542.jpg</photo></floorplan><floorplan><floorplanID>183543</floorplanID><bed>2</bed><bath>2</bath><construct>Loft</construct><rent>1826.0000</rent><deposit>300.0000</deposit><sqft>1288</sqft><washerDryer>FULLSIZE_FURNISHED</washerDryer><garage>False</garage><fireplace>False</fireplace><denStudy>False</denStudy><sunroom>False</sunroom><available>10/3/2008 12:00:00 AM</available><photo>http://www.smartlocating.com//photos/76988/floorplans/183543.jpg</photo></floorplan><floorplan><floorplanID>183544</floorplanID><bed>2</bed><bath>2</bath><construct>Loft</construct><rent>1852.0000</rent><deposit>300.0000</deposit><sqft>1306</sqft><washerDryer>FULLSIZE_FURNISHED</washerDryer><garage>False</garage><fireplace>False</fireplace><denStudy>False</denStudy><sunroom>False</sunroom><available>10/3/2008 12:00:00 AM</available><photo>http://www.smartlocating.com//photos/76988/floorplans/183544.jpg</photo></floorplan><floorplan><floorplanID>183546</floorplanID><bed>2</bed><bath>2</bath><construct>Loft</construct><rent>1858.0000</rent><deposit>300.0000</deposit><sqft>1310</sqft><washerDryer>FULLSIZE_FURNISHED</washerDryer><garage>False</garage><fireplace>False</fireplace><denStudy>False</denStudy><sunroom>False</sunroom><available>10/3/2008 12:00:00 AM</available><photo>http://www.smartlocating.com//photos/76988/floorplans/183546.jpg</photo></floorplan><floorplan><floorplanID>183547</floorplanID><bed>2</bed><bath>2</bath><construct>Loft</construct><rent>1902.0000</rent><deposit>300.0000</deposit><sqft>1341</sqft><washerDryer>FULLSIZE_FURNISHED</washerDryer><garage>False</garage><fireplace>False</fireplace><denStudy>False</denStudy><sunroom>False</sunroom><available>10/3/2008 12:00:00 AM</available><photo>http://www.smartlocating.com//photos/76988/floorplans/183547.jpg</photo></floorplan><floorplan><floorplanID>183545</floorplanID><bed>2</bed><bath>2</bath><construct>Loft</construct><rent>1917.0000</rent><deposit>300.0000</deposit><sqft>1352</sqft><washerDryer>FULLSIZE_FURNISHED</washerDryer><garage>False</garage><fireplace>False</fireplace><denStudy>False</denStudy><sunroom>False</sunroom><available>10/3/2008 12:00:00 AM</available><photo>http://www.smartlocating.com//photos/76988/floorplans/183545.jpg</photo></floorplan><floorplan><floorplanID>183548</floorplanID><bed>2</bed><bath>2</bath><construct>Loft</construct><rent>2041.0000</rent><deposit>300.0000</deposit><sqft>1439</sqft><washerDryer>FULLSIZE_FURNISHED</washerDryer><garage>False</garage><fireplace>False</fireplace><denStudy>True</denStudy><sunroom>False</sunroom><available>10/3/2008 12:00:00 AM</available><photo>http://www.smartlocating.com//photos/76988/floorplans/183548.jpg</photo></floorplan></floorplans><parking><reserved>False</reserved><covered>False</covered><garage>True</garage><detached>True</detached></parking><school><district>Allen</district><elementary>Norton</elementary><middle>Ereckson</middle><high>Lowery</high></school><aptratings /></property>